-- phpMyAdmin SQL Dump
-- version 4.8.5
-- https://www.phpmyadmin.net/
--
-- Host: localhost
-- Generation Time: Mar 14, 2021 at 05:43 PM
-- Server version: 8.0.13-4
-- PHP Version: 7.2.24-0ubuntu0.18.04.7

SET SQL_MODE = "NO_AUTO_VALUE_ON_ZERO";
SET AUTOCOMMIT = 0;
START TRANSACTION;
SET time_zone = "+00:00";


/*!40101 SET @OLD_CHARACTER_SET_CLIENT=@@CHARACTER_SET_CLIENT */;
/*!40101 SET @OLD_CHARACTER_SET_RESULTS=@@CHARACTER_SET_RESULTS */;
/*!40101 SET @OLD_COLLATION_CONNECTION=@@COLLATION_CONNECTION */;
/*!40101 SET NAMES utf8mb4 */;

--
-- Database: `QxKi8MQlUR`
--

-- --------------------------------------------------------

--
-- Table structure for table `BOM_ARR`
--

CREATE TABLE `BOM_ARR` (
  `FLIGHT_NO` char(4) CHARACTER SET utf8 COLLATE utf8_unicode_ci DEFAULT NULL,
  `ORIGIN` varchar(4) CHARACTER SET utf8 COLLATE utf8_unicode_ci DEFAULT NULL,
  `DESTINATION` varchar(4) CHARACTER SET utf8 COLLATE utf8_unicode_ci DEFAULT NULL,
  `DEPATURE_TIME` time DEFAULT NULL,
  `ARRIVAL_TIME` time DEFAULT NULL,
  `DAY` varchar(20) CHARACTER SET utf8 COLLATE utf8_unicode_ci DEFAULT NULL,
  `TYPE` char(4) CHARACTER SET utf8 COLLATE utf8_unicode_ci DEFAULT NULL,
  `DURATION` time DEFAULT NULL,
  `TARIFF(USD)` int(11) NOT NULL
) ENGINE=InnoDB DEFAULT CHARSET=utf8 COLLATE=utf8_unicode_ci;

--
-- Dumping data for table `BOM_ARR`
--

INSERT INTO `BOM_ARR` (`FLIGHT_NO`, `ORIGIN`, `DESTINATION`, `DEPATURE_TIME`, `ARRIVAL_TIME`, `DAY`, `TYPE`, `DURATION`, `TARIFF(USD)`) VALUES
('G615', 'DXB', 'BOM', '07:00:00', '10:15:00', 'DAILY', 'DIR', '03:15:00', 315),
('G799', 'DXB', 'BOM', '12:00:00', '15:15:00', 'MON/WED/FRI', 'CON', '03:15:00', 315),
('G799', 'SYD', 'BOM', '05:15:00', '17:15:00', 'TUES/THUR/SAT', 'CON', '12:00:00', 1957),
('G559', 'DXB', 'BOM', '15:30:00', '18:45:00', 'DAILY', 'DIR', '03:15:00', 315),
('G281', 'DXB', 'BOM', '20:00:00', '23:15:00', 'MON/WED/SAT', 'CON', '03:15:00', 315),
('G281', 'SYD', 'BOM', '13:45:00', '01:45:00', 'SUN/TUES/THUR', 'CON', '12:00:00', 248);

-- --------------------------------------------------------

--
-- Table structure for table `BOM_DEP`
--

CREATE TABLE `BOM_DEP` (
  `FLIGHT_NO` char(4) CHARACTER SET utf8 COLLATE utf8_unicode_ci DEFAULT NULL,
  `ORIGIN` varchar(4) CHARACTER SET utf8 COLLATE utf8_unicode_ci DEFAULT NULL,
  `DESTINATION` varchar(4) CHARACTER SET utf8 COLLATE utf8_unicode_ci DEFAULT NULL,
  `DEPATURE_TIME` time DEFAULT NULL,
  `ARRIVAL_TIME` time DEFAULT NULL,
  `DAY` varchar(20) CHARACTER SET utf8 COLLATE utf8_unicode_ci DEFAULT NULL,
  `TYPE` char(4) CHARACTER SET utf8 COLLATE utf8_unicode_ci DEFAULT NULL,
  `DURATION` time DEFAULT NULL,
  `TARIFF(USD)` int(11) NOT NULL
) ENGINE=InnoDB DEFAULT CHARSET=utf8 COLLATE=utf8_unicode_ci;

--
-- Dumping data for table `BOM_DEP`
--

INSERT INTO `BOM_DEP` (`FLIGHT_NO`, `ORIGIN`, `DESTINATION`, `DEPATURE_TIME`, `ARRIVAL_TIME`, `DAY`, `TYPE`, `DURATION`, `TARIFF(USD)`) VALUES
('G615', 'BOM', 'DXB', '11:30:00', '14:45:00', 'DAILY', 'DIR', '03:15:00', 315),
('G799', 'BOM', 'SYD', '16:30:00', '04:00:00', 'MON/WED/FRI', 'CON', '12:00:00', 1957),
('G799', 'BOM', 'DXB', '18:30:00', '21:45:00', 'TUES/THURS/SAT', 'CON', '03:15:00', 315),
('G559', 'BOM', 'DXB', '22:00:00', '01:15:00', 'DAILY', 'DIR', '03:15:00', 315),
('G281', 'BOM', 'SYD', '00:30:00', '12:30:00', 'SUN/TUES/THUR', 'CON', '12:00:00', 248),
('G281', 'BOM', 'DXB', '03:45:00', '07:00:00', 'SUN/TUES/THUR', 'CON', '03:15:00', 315);

-- --------------------------------------------------------

--
-- Table structure for table `BOOKINGS`
--

CREATE TABLE `BOOKINGS` (
  `CUSTOMER_ID` int(11) NOT NULL,
  `BOOKING_ID` int(11) NOT NULL,
  `FLIGHT_NO` char(4) CHARACTER SET utf8 COLLATE utf8_unicode_ci NOT NULL,
  `DEPATURE_TIME` timestamp NOT NULL,
  `SEAT_NO` varchar(3) CHARACTER SET utf8 COLLATE utf8_unicode_ci NOT NULL,
  `SEAT_ID` int(11) NOT NULL,
  `AMOUNT_USD` int(11) NOT NULL,
  `DATE_OF_BOOKING` date NOT NULL
) ENGINE=InnoDB DEFAULT CHARSET=utf8 COLLATE=utf8_unicode_ci;

--
-- Dumping data for table `BOOKINGS`
--

INSERT INTO `BOOKINGS` (`CUSTOMER_ID`, `BOOKING_ID`, `FLIGHT_NO`, `DEPATURE_TIME`, `SEAT_NO`, `SEAT_ID`, `AMOUNT_USD`, `DATE_OF_BOOKING`) VALUES
(7680, 38884, 'G498', '2021-06-23 17:30:00', 'B25', 918653, 1125, '2020-08-17'),
(916, 98603, 'G559', '2021-10-24 22:00:00', 'D20', 31614, 267, '2021-08-05'),
(916, 98603, 'G725', '2021-10-25 07:00:00', 'F28', 676225, 1957, '2021-08-05'),
(1640, 58256, 'G799', '2020-12-19 05:15:00', 'B9', 269894, 2486, '2020-10-10'),
(1640, 58256, 'G615', '2020-12-19 11:30:00', 'C3', 345756, 470, '2020-10-10'),
(3710, 85987, 'G281', '2021-04-15 03:45:00', 'C9', 244723, 267, '2020-12-06'),
(3710, 85987, 'G125', '2021-04-15 02:00:00', 'F13', 631221, 1519, '2020-12-06'),
(1835, 24627, 'G310', '2021-10-27 15:00:00', 'A37', 504787, 1957, '2021-07-19'),
(1835, 24627, 'G559', '2021-10-28 15:30:00', 'D33', 443439, 315, '2021-07-19'),
(6495, 62031, 'G799', '2021-06-26 05:15:00', 'A33', 560038, 2079, '2021-02-26'),
(6495, 62031, 'G799', '2021-06-26 18:30:00', 'G19', 662469, 393, '2021-02-26'),
(3369, 51893, 'G498', '2021-12-27 08:15:00', 'G17', 318494, 1170, '2021-05-01'),
(2455, 91863, 'G635', '2021-03-27 03:10:00', 'C19', 276210, 1519, '2021-02-15'),
(2455, 91863, 'G559', '2021-03-27 15:30:00', 'E28', 467238, 315, '2021-02-15'),
(224, 19791, 'G993', '2021-03-22 00:30:00', 'D33', 455135, 759, '2020-03-27'),
(224, 19791, 'G559', '2021-03-22 15:30:00', 'G26', 542694, 315, '2020-03-27'),
(4397, 20750, 'G799', '2021-02-19 16:30:00', 'C37', 404977, 2250, '2020-02-25'),
(9368, 931, 'G498', '2021-02-08 17:30:00', 'A11', 300665, 1035, '2020-09-01'),
(3582, 72451, 'G799', '2021-04-10 05:15:00', 'A23', 682333, 1663, '2021-03-11'),
(9717, 6372, 'G993', '2021-11-15 00:30:00', 'F23', 36955, 759, '2021-03-10'),
(9717, 6372, 'G799', '2021-11-15 12:00:00', 'E12', 977651, 315, '2021-03-10'),
(5027, 46053, 'G498', '2021-08-16 17:30:00', 'A1', 916581, 1125, '2021-04-08'),
(5027, 46053, 'G498', '2021-08-17 02:45:00', 'C27', 803097, 948, '2021-04-08'),
(9856, 11834, 'G281', '2021-05-20 03:45:00', 'H36', 538393, 267, '2021-05-10'),
(9856, 11834, 'G635', '2021-05-20 12:00:00', 'C6', 580724, 1788, '2021-05-10'),
(2330, 40100, 'G725', '2021-09-02 22:00:00', 'A12', 426399, 1663, '2021-04-25'),
(2330, 40100, 'G635', '2021-09-03 12:00:00', 'D38', 526310, 1788, '2021-04-25'),
(4797, 77271, 'G310', '2021-01-01 15:00:00', 'F15', 372234, 2588, '2020-03-17'),
(4797, 77271, 'G756', '2021-01-02 08:00:00', 'A12', 59530, 1180, '2020-03-17'),
(8299, 68085, 'G635', '2021-02-13 03:10:00', 'C13', 677897, 1747, '2020-09-16'),
(8299, 68085, 'G615', '2021-02-13 07:00:00', 'A28', 159575, 362, '2020-09-16'),
(1810, 75754, 'G559', '2021-06-13 22:00:00', 'A10', 281088, 334, '2020-07-18'),
(5752, 20522, 'G993', '2021-05-01 00:30:00', 'A1', 290666, 759, '2021-04-21'),
(5752, 20522, 'G281', '2021-05-01 20:00:00', 'D22', 678428, 267, '2021-04-21'),
(8186, 88478, 'G219', '2021-01-07 14:25:00', 'D30', 926003, 1180, '2020-02-02'),
(8186, 88478, 'G725', '2021-01-08 22:35:00', 'H27', 635924, 2588, '2020-02-02'),
(3010, 95000, 'G125', '2021-01-14 16:15:00', 'G24', 310192, 2056, '2020-07-28'),
(3010, 95000, 'G725', '2021-01-15 07:00:00', 'C16', 449311, 2250, '2020-07-28'),
(5791, 91539, 'G635', '2021-02-09 03:10:00', 'E12', 978913, 1747, '2020-11-11'),
(5791, 91539, 'G756', '2021-02-09 08:00:00', 'A23', 518906, 1026, '2020-11-11'),
(2639, 64950, 'G756', '2021-11-23 02:40:00', 'G32', 202096, 765, '2021-07-26'),
(2639, 64950, 'G756', '2021-11-23 11:55:00', 'A8', 586555, 893, '2021-07-26'),
(5739, 92333, 'G310', '2020-12-28 15:00:00', 'G17', 252909, 2925, '2020-02-22'),
(5739, 92333, 'G615', '2020-12-29 07:00:00', 'E6', 205577, 470, '2020-02-22'),
(8323, 97749, 'G281', '2021-08-12 13:45:00', 'H15', 937186, 310, '2020-11-15'),
(8323, 97749, 'G559', '2021-08-13 22:00:00', 'D9', 765762, 334, '2020-11-15'),
(5331, 62442, 'G281', '2021-04-06 03:45:00', 'A13', 298549, 267, '2020-08-19'),
(5331, 62442, 'G635', '2021-04-06 12:00:00', 'E23', 182760, 1788, '2020-08-19'),
(9588, 1788, 'G125', '2021-04-25 16:15:00', 'D8', 461209, 1788, '2020-11-06'),
(9588, 1788, 'G281', '2021-04-26 20:00:00', 'A21', 28945, 267, '2020-11-06'),
(4296, 45252, 'G219', '2021-11-21 14:25:00', 'G5', 807281, 893, '2021-04-05'),
(4296, 45252, 'G310', '2021-11-22 22:35:00', 'F16', 338944, 1663, '2021-04-05'),
(8289, 98083, 'G559', '2021-09-04 22:00:00', 'E18', 158273, 267, '2021-05-07'),
(8289, 98083, 'G993', '2021-09-05 15:00:00', 'D19', 650757, 893, '2021-05-07'),
(7487, 62171, 'G125', '2021-03-30 16:15:00', 'A19', 693094, 1788, '2021-01-19'),
(7487, 62171, 'G559', '2021-03-31 15:30:00', 'E30', 395568, 315, '2021-01-19'),
(6868, 26704, 'G725', '2021-03-04 07:00:00', 'C14', 463219, 1957, '2020-05-28'),
(1802, 19894, 'G799', '2021-07-03 05:15:00', 'A35', 670411, 2162, '2020-10-16'),
(3855, 52889, 'G498', '2021-04-12 17:30:00', 'E15', 139022, 900, '2021-01-22'),
(3847, 78553, 'G756', '2021-10-28 02:40:00', 'G8', 662119, 765, '2020-12-02'),
(3847, 78553, 'G498', '2021-10-28 02:45:00', 'F14', 523229, 759, '2020-12-02'),
(8429, 58547, 'G799', '2020-12-19 05:15:00', 'A1', 269894, 2611, '2020-10-18'),
(6052, 69672, 'G799', '2020-12-19 05:15:00', 'C9', 269894, 2611, '2020-10-18'),
(6052, 69672, 'G799', '2020-12-19 18:30:00', 'B1', 353972, 494, '2020-10-18'),
(5635, 74996, 'G615', '2020-12-31 07:00:00', 'A1', 317648, 470, '2020-10-19'),
(6344, 59065, 'G615', '2021-01-10 07:00:00', 'A22', 106801, 437, '2020-12-13');

-- --------------------------------------------------------

--
-- Table structure for table `CUSTOMERS`
--

CREATE TABLE `CUSTOMERS` (
  `CUSTOMER_ID` int(11) NOT NULL,
  `CUSTOMER_NAME` varchar(100) COLLATE utf8_unicode_ci NOT NULL,
  `CUSTOMER_PHONE` varchar(30) COLLATE utf8_unicode_ci NOT NULL,
  `CUSTOMER_EMAIL` varchar(100) COLLATE utf8_unicode_ci NOT NULL,
  `CUSTOMER_SEX` char(3) COLLATE utf8_unicode_ci NOT NULL,
  `CUSTOMER_DOB` date NOT NULL,
  `CUSTOMER_NATIONALITY` varchar(100) COLLATE utf8_unicode_ci NOT NULL,
  `CUSTOMER_PASSPORT_NUMBER` varchar(20) COLLATE utf8_unicode_ci NOT NULL,
  `DOJ` date NOT NULL
) ENGINE=InnoDB DEFAULT CHARSET=utf8 COLLATE=utf8_unicode_ci;

--
-- Dumping data for table `CUSTOMERS`
--

INSERT INTO `CUSTOMERS` (`CUSTOMER_ID`, `CUSTOMER_NAME`, `CUSTOMER_PHONE`, `CUSTOMER_EMAIL`, `CUSTOMER_SEX`, `CUSTOMER_DOB`, `CUSTOMER_NATIONALITY`, `CUSTOMER_PASSPORT_NUMBER`, `DOJ`) VALUES
(85, 'JOEL', '+971554059224', 'imnaveed2003@gmail.com', 'M', '2003-10-16', 'INDIA', '652765C', '2019-12-29'),
(160, 'JOEL', '+971569700565', 'batmanthanoshere@gmail.com', 'M', '2003-04-20', 'INDIA', '412315D', '2019-10-02'),
(224, 'ANSH', '+971554059224', 'batmanthanoshere@gmail.com', 'M', '2003-10-16', 'INDIA', '981432C', '2020-03-27'),
(378, 'ANSH', '+971508528596', 'imnaveed2003@gmail.com', 'M', '2011-03-01', 'INDIA', '888883J', '2020-02-28'),
(470, 'ANSH', '+971508528596', 'imnaveed2003@gmail.com', 'M', '2011-03-01', 'INDIA', '261953J', '2020-10-04'),
(694, 'NAVEED', '+971554059224', 'mirziyaan@gmail.com', 'M', '2003-04-20', 'INDIA', '233092D', '2020-09-04'),
(916, 'NAVISH', '+971569700565', 'batmanthanoshere@gmail.com', 'M', '2003-10-16', 'INDIA', '107241K', '2021-08-05'),
(950, 'ZIYAAN', '+919566265537', 'mirziyaan@gmail.com', 'M', '2003-10-16', 'INDIA', '965682K', '2019-05-09'),
(998, 'JOEL', '+919566265537', 'imnaveed2003@gmail.com', 'M', '2011-03-01', 'INDIA', '341969K', '2019-08-30'),
(1013, 'NAVEED', '+971569700565', 'imnaveed2003@gmail.com', 'M', '2011-03-01', 'INDIA', '357865K', '2020-07-07'),
(1062, 'NAVEED', '+971558004998', 'batmanthanoshere@gmail.com', 'M', '2003-05-16', 'INDIA', '982793M', '2020-08-01'),
(1063, 'NAVEED', '+971554059224', 'mirziyaan@gmail.com', 'M', '2003-05-16', 'INDIA', '932162N', '2019-11-03'),
(1391, 'NAVISH', '+971554059224', 'mirziyaan@gmail.com', 'M', '2003-10-16', 'INDIA', '263037A', '2019-02-06'),
(1455, 'NAVISH', '+971508528596', 'batmanthanoshere@gmail.com', 'M', '2003-04-20', 'INDIA', '821140J', '2019-12-24'),
(1563, 'FARAZ', '+971508528596', 'batmanthanoshere@gmail.com', 'M', '2003-10-16', 'INDIA', '317319K', '2019-12-21'),
(1640, 'ANSH', '+971554059224', 'batmanthanoshere@gmail.com', 'M', '2003-10-16', 'INDIA', '749478N', '2020-10-10'),
(1658, 'SOORYA', '+919566265537', 'imnaveed2003@gmail.com', 'M', '2003-10-16', 'INDIA', '384253K', '2020-10-09'),
(1802, 'NAVEED', '+971554059224', 'mirziyaan@gmail.com', 'M', '2003-04-20', 'INDIA', '212225F', '2020-10-16'),
(1810, 'SOORYA', '+971554059224', 'imnaveed2003@gmail.com', 'M', '2011-03-01', 'INDIA', '249633J', '2020-07-18'),
(1835, 'FARAZ', '+971554059224', 'imnaveed2003@gmail.com', 'M', '2011-03-01', 'INDIA', '690579M', '2021-07-19'),
(1947, 'ZIYAAN', '+971-550000000', 'mirziyaan123@gmail.com', 'M', '2003-11-11', 'INDIA', 't67892', '2020-10-19'),
(2054, 'NAVISH', '+971508528596', 'mirziyaan@gmail.com', 'M', '2003-10-16', 'INDIA', '570940F', '2020-05-05'),
(2107, 'ZIYAAN', '+971569700565', 'mirziyaan@gmail.com', 'M', '2011-03-01', 'INDIA', '723787J', '2019-10-14'),
(2234, 'ZIYAAN', '+971508528596', 'imnaveed2003@gmail.com', 'M', '2003-10-16', 'INDIA', '112354N', '2019-08-26'),
(2299, 'ZIYAAN', '+971508528596', 'mirziyaan@gmail.com', 'M', '2011-03-01', 'INDIA', '289830E', '2019-08-27'),
(2312, 'SOORYA', '+971558004998', 'imnaveed2003@gmail.com', 'M', '2003-10-16', 'INDIA', '626823E', '2019-09-27'),
(2330, 'ZIYAAN', '+971508528596', 'mirziyaan@gmail.com', 'M', '2003-10-16', 'INDIA', '182275B', '2021-04-25'),
(2455, 'ANSH', '+919566265537', 'imnaveed2003@gmail.com', 'M', '2003-05-16', 'INDIA', '679274M', '2021-02-15'),
(2639, 'NAVISH', '+919566265537', 'imnaveed2003@gmail.com', 'M', '2003-04-20', 'INDIA', '654817N', '2021-07-26'),
(2711, 'NAVEED', '+971554059224', 'imnaveed2003@gmail.com', 'M', '2003-05-16', 'INDIA', '443313N', '2020-05-17'),
(2945, 'JOEL', '+971558004998', 'batmanthanoshere@gmail.com', 'M', '2003-10-16', 'INDIA', '989329K', '2020-11-21'),
(3010, 'SOORYA', '+971558004998', 'batmanthanoshere@gmail.com', 'M', '2003-04-20', 'INDIA', '510248L', '2020-07-28'),
(3097, 'ANSH', '+919566265537', 'batmanthanoshere@gmail.com', 'M', '2003-10-16', 'INDIA', '595078A', '2019-09-09'),
(3282, 'NAVISH', '+919566265537', 'mirziyaan@gmail.com', 'M', '2003-04-20', 'INDIA', '104753C', '2019-05-18'),
(3291, 'FARAZ', '+971569700565', 'imnaveed2003@gmail.com', 'M', '2003-05-16', 'INDIA', '440573L', '2019-12-19'),
(3369, 'NAVEED', '+971569700565', 'mirziyaan@gmail.com', 'M', '2003-10-16', 'INDIA', '266789K', '2021-05-01'),
(3419, 'FARAZ', '+919566265537', 'mirziyaan@gmail.com', 'M', '2003-10-16', 'INDIA', '861746F', '2020-07-21'),
(3520, 'ZIYAAN', '+971554059224', 'mirziyaan@gmail.com', 'M', '2003-05-16', 'INDIA', '513920E', '2020-08-06'),
(3582, 'ZIYAAN', '+971569700565', 'mirziyaan@gmail.com', 'M', '2003-05-16', 'INDIA', '374361N', '2021-03-11'),
(3588, 'AARON', '+971508528596', 'batmanthanoshere@gmail.com', 'M', '2003-05-16', 'INDIA', '530447K', '2019-10-20'),
(3606, 'NAVEED', '+971558004998', 'imnaveed2003@gmail.com', 'M', '2003-04-20', 'INDIA', 'r45923', '2020-12-04'),
(3670, 'FARAZ', '+919566265537', 'batmanthanoshere@gmail.com', 'M', '2011-03-01', 'INDIA', '106196K', '2019-10-19'),
(3710, 'NAVEED', '+971508528596', 'mirziyaan@gmail.com', 'M', '2003-10-16', 'INDIA', '510912N', '2020-12-06'),
(3847, 'FARAZ', '+919566265537', 'mirziyaan@gmail.com', 'M', '2003-05-16', 'INDIA', '277648N', '2020-12-02'),
(3854, 'NAVISH', '+971508528596', 'batmanthanoshere@gmail.com', 'M', '2003-04-20', 'INDIA', '841863K', '2020-02-13'),
(3855, 'NAVISH', '+919566265537', 'batmanthanoshere@gmail.com', 'M', '2003-04-20', 'INDIA', '254283A', '2021-01-22'),
(3898, 'JOEL', '+919566265537', 'mirziyaan@gmail.com', 'M', '2003-05-16', 'INDIA', '113875A', '2019-10-10'),
(4138, 'NAVISH', '+971554059224', 'batmanthanoshere@gmail.com', 'M', '2011-03-01', 'INDIA', '813380D', '2019-08-03'),
(4296, 'NAVEED', '+919566265537', 'imnaveed2003@gmail.com', 'M', '2011-03-01', 'INDIA', '825084K', '2021-04-05'),
(4397, 'SOORYA', '+971508528596', 'batmanthanoshere@gmail.com', 'M', '2003-10-16', 'INDIA', '257776A', '2020-02-25'),
(4478, 'NAVISH', '+971569700565', 'mirziyaan@gmail.com', 'M', '2003-04-20', 'INDIA', '483123D', '2020-06-24'),
(4648, 'JOEL', '+971554059224', 'batmanthanoshere@gmail.com', 'M', '2003-05-16', 'INDIA', '331530J', '2019-10-03'),
(4797, 'JOEL', '+971554059224', 'imnaveed2003@gmail.com', 'M', '2003-10-16', 'INDIA', '767396C', '2020-03-17'),
(4863, 'JOEL', '+971558004998', 'imnaveed2003@gmail.com', 'M', '2011-03-01', 'INDIA', '778599M', '2019-07-25'),
(4864, 'ANSH', '+919566265537', 'imnaveed2003@gmail.com', 'M', '2003-05-16', 'INDIA', '834023L', '2019-12-06'),
(4921, 'SOORYA', '+971554059224', 'mirziyaan@gmail.com', 'M', '2003-05-16', 'INDIA', '861506C', '2020-12-31'),
(5027, 'NAVEED', '+971558004998', 'mirziyaan@gmail.com', 'M', '2003-05-16', 'INDIA', '972212C', '2021-04-08'),
(5331, 'FARAZ', '+971569700565', 'mirziyaan@gmail.com', 'M', '2003-10-16', 'INDIA', '473310K', '2020-08-19'),
(5400, 'SOORYA', '+971558004998', 'imnaveed2003@gmail.com', 'M', '2003-05-16', 'INDIA', '373888N', '2020-10-27'),
(5564, 'FARAZ', '+971569700565', 'imnaveed2003@gmail.com', 'M', '2003-04-20', 'INDIA', '174274K', '2020-04-24'),
(5635, 'ZIYAAN', '+971-550000000', 'mirziyaan123@gmail.com', 'M', '2003-09-10', 'INDIA', 't123456', '2020-10-19'),
(5704, 'ANSH', '+919566265537', 'batmanthanoshere@gmail.com', 'M', '2003-05-16', 'INDIA', '367381N', '2020-01-22'),
(5739, 'NAVISH', '+971554059224', 'batmanthanoshere@gmail.com', 'M', '2011-03-01', 'INDIA', '472481E', '2020-02-22'),
(5752, 'ANSH', '+971508528596', 'imnaveed2003@gmail.com', 'M', '2011-03-01', 'INDIA', '431026J', '2021-04-21'),
(5791, 'NAVEED', '+971-560000000', 'mirziyaan@gmail.com', 'M', '2011-03-01', 'INDIA', '120096F', '2020-11-11'),
(6052, 'NAVEED', '+971508528596', 'imnaveed@gmail.com', 'M', '2003-04-20', 'INDIA', 'T89765', '2020-10-18'),
(6344, 'MARI', '+971553612799', 'mari4allact@gmail.com', 'M', '2003-12-03', 'INDIA', '12345', '2020-12-13'),
(6352, 'SOORYA', '+971569700565', 'mirziyaan@gmail.com', 'M', '2003-10-16', 'INDIA', '285148F', '2020-06-23'),
(6495, 'FARAZ', '+971558004998', 'imnaveed2003@gmail.com', 'M', '2003-10-16', 'INDIA', '320731N', '2021-02-26'),
(6689, 'AARON', '+971558004998', 'mirziyaan@gmail.com', 'M', '2003-05-16', 'INDIA', '363026B', '2019-01-28'),
(6834, 'ZIYAAN', '+971508528596', 'mirziyaan@gmail.com', 'M', '2003-05-16', 'INDIA', '604290M', '2019-07-19'),
(6856, 'NAVEED', '+971558004998', 'imnaveed003@gmail.com', 'M', '2003-04-20', 'INDIA', 'T89765', '2020-10-17'),
(6868, 'FARAZ', '+971558004998', 'mirziyaan@gmail.com', 'M', '2003-10-16', 'INDIA', '777509D', '2020-05-28'),
(7278, 'NAVISH', '+971569700565', 'mirziyaan@gmail.com', 'M', '2003-04-20', 'INDIA', '315367E', '2019-02-18'),
(7455, 'ANSH', '+971558004998', 'batmanthanoshere@gmail.com', 'M', '2011-03-01', 'INDIA', '450998E', '2019-11-07'),
(7487, 'SOORYA', '+971558004998', 'mirziyaan@gmail.com', 'M', '2011-03-01', 'INDIA', '105488E', '2021-01-19'),
(7622, 'FARAZ', '+971558004998', 'mirziyaan@gmail.com', 'M', '2003-05-16', 'INDIA', '520439L', '2020-01-08'),
(7680, 'JOEL', '+919566265537', 'mirziyaan@gmail.com', 'M', '2011-03-01', 'INDIA', '327746J', '2020-08-17'),
(7708, 'ZIYAAN MIR', '+971-560000000', 'mirziyaan@gmail.com', 'M', '2003-09-10', 'INDIA', 'T12345', '2020-10-19'),
(7742, 'SOORYA', '+919566265537', 'imnaveed2003@gmail.com', 'M', '2003-05-16', 'INDIA', '608712L', '2019-03-16'),
(7756, 'NAVISH', '+971508528596', 'batmanthanoshere@gmail.com', 'M', '2003-05-16', 'INDIA', '845481N', '2020-02-22'),
(8166, 'SOORYA', '+919566265537', 'batmanthanoshere@gmail.com', 'M', '2011-03-01', 'INDIA', '244350M', '2020-03-25'),
(8184, 'AARON', '+971-561234567', 'mirziyaan123@gmail.com', 'M', '2003-04-20', 'INDIA', '154222F', '2021-07-04'),
(8186, 'SOORYA', '+971558004998', 'imnaveed2003@gmail.com', 'M', '2003-04-20', 'INDIA', '269784J', '2020-02-02'),
(8257, 'ANSH', '+971554059224', 'batmanthanoshere@gmail.com', 'M', '2003-04-20', 'INDIA', '671006K', '2019-05-24'),
(8289, 'AARON', '+971554059224', 'mirziyaan@gmail.com', 'M', '2011-03-01', 'INDIA', '768969L', '2021-05-07'),
(8299, 'NAVEED', '+971554059224', 'mirziyaan@gmail.com', 'M', '2003-04-20', 'INDIA', '384354J', '2020-09-16'),
(8302, 'JOEL', '+971558004998', 'imnaveed2003@gmail.com', 'M', '2003-10-16', 'INDIA', '116670M', '2020-06-24'),
(8323, 'ZIYAAN', '+971554059224', 'batmanthanoshere@gmail.com', 'M', '2003-05-16', 'INDIA', '918801F', '2020-11-15'),
(8429, 'NAVEED', '+971-508528596', 'imnaveed2003@gmail.com', 'M', '2003-04-20', 'INDIA', 'T89765', '2020-10-18'),
(8435, 'AARON', '+971558004998', 'batmanthanoshere@gmail.com', 'M', '2011-03-01', 'INDIA', '431582J', '2019-11-13'),
(8568, 'ANSH', '+971558004998', 'mirziyaan@gmail.com', 'M', '2011-03-01', 'INDIA', '176528B', '2020-07-25'),
(8602, 'JOEL', '+971558004998', 'mirziyaan@gmail.com', 'M', '2003-10-16', 'INDIA', '314454M', '2020-11-23'),
(9155, 'ZIYAAN', '+971558004998', 'mirziyaan@gmail.com', 'M', '2003-04-20', 'INDIA', '718733L', '2019-09-08'),
(9193, 'SOORYA', '+971554059224', 'mirziyaan@gmail.com', 'M', '2011-03-01', 'INDIA', '345550F', '2019-05-07'),
(9314, 'FARAZ', '+971554059224', 'mirziyaan@gmail.com', 'M', '2011-03-01', 'INDIA', '882179N', '2019-10-28'),
(9368, 'JOEL', '+971569700565', 'batmanthanoshere@gmail.com', 'M', '2003-05-16', 'INDIA', '164694E', '2020-09-01'),
(9473, 'ANSH', '+919566265537', 'mirziyaan@gmail.com', 'M', '2003-10-16', 'INDIA', '236922K', '2020-06-07'),
(9572, 'NAVEED', '+971558004998', 'imnaveed2003@gmail.com', 'M', '2003-05-16', 'INDIA', '700046B', '2020-04-14'),
(9588, 'NAVEED', '+971569700565', 'batmanthanoshere@gmail.com', 'M', '2011-03-01', 'INDIA', '354958B', '2020-11-06'),
(9642, 'NAVISH', '+971508528596', 'batmanthanoshere@gmail.com', 'M', '2003-04-20', 'INDIA', '356820F', '2019-12-07'),
(9717, 'SOORYA', '+971569700565', 'imnaveed2003@gmail.com', 'M', '2011-03-01', 'INDIA', '424927F', '2021-03-10'),
(9856, 'JOEL', '+971569700565', 'batmanthanoshere@gmail.com', 'M', '2003-04-20', 'INDIA', '666454J', '2021-05-10');

-- --------------------------------------------------------

--
-- Table structure for table `DELAY`
--

CREATE TABLE `DELAY` (
  `FLIGHT_NO` char(4) CHARACTER SET utf8 COLLATE utf8_unicode_ci NOT NULL,
  `ORIGIN` char(3) CHARACTER SET utf8 COLLATE utf8_unicode_ci NOT NULL,
  `DESTINATION` char(3) CHARACTER SET utf8 COLLATE utf8_unicode_ci NOT NULL,
  `DEPATURE_TIME` timestamp NOT NULL,
  `ARRIVAL_TIME` time NOT NULL,
  `DURATION` time NOT NULL,
  `SEAT_ID` int(11) NOT NULL,
  `DELAY` int(11) NOT NULL
) ENGINE=InnoDB DEFAULT CHARSET=utf8 COLLATE=utf8_unicode_ci;

--
-- Dumping data for table `DELAY`
--

INSERT INTO `DELAY` (`FLIGHT_NO`, `ORIGIN`, `DESTINATION`, `DEPATURE_TIME`, `ARRIVAL_TIME`, `DURATION`, `SEAT_ID`, `DELAY`) VALUES
('G993', 'LHR', 'DXB', '2021-09-12 00:30:00', '08:40:00', '08:00:00', 562319, 30),
('G799', 'DXB', 'BOM', '2021-09-12 12:00:00', '15:15:00', '03:15:00', 20326, 0),
('G219', 'DXB', 'LHR', '2021-01-21 05:00:00', '13:10:00', '08:10:00', 933436, 0),
('G498', 'LHR', 'JFK', '2021-01-21 08:15:00', '16:15:00', '08:00:00', 563804, 0),
('G559', 'BOM', 'DXB', '2021-10-07 22:00:00', '01:15:00', '03:15:00', 335295, 0),
('G725', 'DXB', 'SYD', '2021-10-08 07:00:00', '20:45:00', '13:45:00', 131858, 0),
('G498', 'JFK', 'LHR', '2021-06-23 17:30:00', '01:30:00', '08:00:00', 918653, 0),
('G993', 'LHR', 'DXB', '2021-11-18 00:30:00', '08:40:00', '08:00:00', 808384, 0),
('G635', 'DXB', 'JFK', '2021-11-18 12:00:00', '01:55:00', '13:00:00', 385916, 0),
('G993', 'LHR', 'DXB', '2021-08-13 00:30:00', '08:40:00', '08:00:00', 196744, 0),
('G310', 'DXB', 'SYD', '2021-08-14 08:40:00', '13:45:00', '13:45:00', 992447, 0),
('G559', 'BOM', 'DXB', '2021-10-24 22:00:00', '01:15:00', '03:15:00', 31614, 0),
('G725', 'DXB', 'SYD', '2021-10-25 07:00:00', '20:45:00', '13:45:00', 676225, 0),
('G799', 'SYD', 'BOM', '2020-12-19 05:15:00', '17:15:00', '12:00:00', 269894, 0),
('G615', 'BOM', 'DXB', '2020-12-19 11:30:00', '14:45:00', '03:15:00', 345756, 0),
('G281', 'BOM', 'DXB', '2021-04-15 03:45:00', '07:00:00', '03:15:00', 244723, 0),
('G125', 'DXB', 'JFK', '2021-04-15 02:00:00', '15:00:00', '13:00:00', 631221, 0),
('G310', 'SYD', 'DXB', '2021-10-27 15:00:00', '04:45:00', '13:45:00', 504787, 0),
('G559', 'DXB', 'BOM', '2021-10-28 15:30:00', '18:45:00', '03:15:00', 443439, 0),
('G799', 'SYD', 'BOM', '2021-06-26 05:15:00', '17:15:00', '12:00:00', 560038, 0),
('G799', 'BOM', 'DXB', '2021-06-26 18:30:00', '21:45:00', '03:15:00', 662469, 0),
('G498', 'LHR', 'JFK', '2021-12-27 08:15:00', '16:15:00', '08:00:00', 318494, 0),
('G635', 'JFK', 'DXB', '2021-03-27 03:10:00', '19:10:00', '13:00:00', 276210, 0),
('G559', 'DXB', 'BOM', '2021-03-27 15:30:00', '18:45:00', '03:15:00', 467238, 0),
('G993', 'LHR', 'DXB', '2021-03-22 00:30:00', '08:40:00', '08:00:00', 455135, 0),
('G559', 'DXB', 'BOM', '2021-03-22 15:30:00', '18:45:00', '03:15:00', 542694, 0),
('G799', 'BOM', 'SYD', '2021-02-19 16:30:00', '04:00:00', '12:00:00', 404977, 0),
('G498', 'JFK', 'LHR', '2021-02-08 17:30:00', '01:30:00', '08:00:00', 300665, 0),
('G799', 'SYD', 'BOM', '2021-04-10 05:15:00', '17:15:00', '12:00:00', 682333, 0),
('G993', 'LHR', 'DXB', '2021-11-15 00:30:00', '08:40:00', '08:00:00', 36955, 0),
('G799', 'DXB', 'BOM', '2021-11-15 12:00:00', '15:15:00', '03:15:00', 977651, 0),
('G498', 'JFK', 'LHR', '2021-08-16 17:30:00', '01:30:00', '08:00:00', 916581, 0),
('G498', 'LHR', 'DXB', '2021-08-17 02:45:00', '10:55:00', '08:10:00', 803097, 0),
('G281', 'BOM', 'DXB', '2021-05-20 03:45:00', '07:00:00', '03:15:00', 538393, 0),
('G635', 'DXB', 'JFK', '2021-05-20 12:00:00', '01:55:00', '13:00:00', 580724, 0),
('G725', 'SYD', 'DXB', '2021-09-02 22:00:00', '11:45:00', '13:45:00', 426399, 0),
('G635', 'DXB', 'JFK', '2021-09-03 12:00:00', '01:55:00', '13:00:00', 526310, 0),
('G310', 'SYD', 'DXB', '2021-01-01 15:00:00', '04:45:00', '13:45:00', 372234, 0),
('G756', 'DXB', 'LHR', '2021-01-02 08:00:00', '16:10:00', '08:10:00', 59530, 0),
('G635', 'JFK', 'DXB', '2021-02-13 03:10:00', '19:10:00', '13:00:00', 677897, 0),
('G615', 'DXB', 'BOM', '2021-02-13 07:00:00', '10:15:00', '03:15:00', 159575, 0),
('G559', 'BOM', 'DXB', '2021-06-13 22:00:00', '01:15:00', '03:15:00', 281088, 0),
('G993', 'LHR', 'DXB', '2021-05-01 00:30:00', '08:40:00', '08:00:00', 290666, 0),
('G281', 'DXB', 'BOM', '2021-05-01 20:00:00', '23:15:00', '03:15:00', 678428, 0),
('G219', 'LHR', 'DXB', '2021-01-07 14:25:00', '22:35:00', '08:10:00', 926003, 0),
('G725', 'DXB', 'SYD', '2021-01-08 22:35:00', '20:45:00', '13:45:00', 635924, 0),
('G125', 'JFK', 'DXB', '2021-01-14 16:15:00', '05:15:00', '13:00:00', 310192, 0),
('G725', 'DXB', 'SYD', '2021-01-15 07:00:00', '20:45:00', '13:45:00', 449311, 0),
('G635', 'JFK', 'DXB', '2021-02-09 03:10:00', '19:10:00', '13:00:00', 978913, 10),
('G756', 'DXB', 'LHR', '2021-02-09 08:00:00', '16:10:00', '08:10:00', 518906, 0),
('G756', 'JFK', 'LHR', '2021-11-23 02:40:00', '10:40:00', '08:00:00', 202096, 0),
('G756', 'LHR', 'DXB', '2021-11-23 11:55:00', '20:05:00', '08:10:00', 586555, 0),
('G310', 'SYD', 'DXB', '2020-12-28 15:00:00', '04:45:00', '13:45:00', 252909, 0),
('G615', 'DXB', 'BOM', '2020-12-29 07:00:00', '10:15:00', '03:15:00', 205577, 0),
('G281', 'SYD', 'BOM', '2021-08-12 13:45:00', '01:45:00', '12:00:00', 937186, 0),
('G559', 'BOM', 'DXB', '2021-08-13 22:00:00', '01:15:00', '03:15:00', 765762, 0),
('G281', 'BOM', 'DXB', '2021-04-06 03:45:00', '07:00:00', '03:15:00', 298549, 0),
('G635', 'DXB', 'JFK', '2021-04-06 12:00:00', '01:55:00', '13:00:00', 182760, 0),
('G125', 'JFK', 'DXB', '2021-04-25 16:15:00', '05:15:00', '13:00:00', 461209, 0),
('G281', 'DXB', 'BOM', '2021-04-26 20:00:00', '23:15:00', '03:15:00', 28945, 0),
('G219', 'LHR', 'DXB', '2021-11-21 14:25:00', '22:35:00', '08:10:00', 807281, 0),
('G310', 'DXB', 'SYD', '2021-11-22 22:35:00', '13:45:00', '13:45:00', 338944, 0),
('G559', 'BOM', 'DXB', '2021-09-04 22:00:00', '01:15:00', '03:15:00', 158273, 0),
('G993', 'DXB', 'LHR', '2021-09-05 15:00:00', '23:10:00', '08:10:00', 650757, 0),
('G125', 'JFK', 'DXB', '2021-03-30 16:15:00', '05:15:00', '13:00:00', 693094, 0),
('G559', 'DXB', 'BOM', '2021-03-31 15:30:00', '18:45:00', '03:15:00', 395568, 0),
('G725', 'DXB', 'SYD', '2021-03-04 07:00:00', '20:45:00', '13:45:00', 463219, 0),
('G799', 'SYD', 'BOM', '2021-07-03 05:15:00', '17:15:00', '12:00:00', 670411, 0),
('G498', 'JFK', 'LHR', '2021-04-12 17:30:00', '01:30:00', '08:00:00', 139022, 0),
('G756', 'JFK', 'LHR', '2021-10-28 02:40:00', '10:40:00', '08:00:00', 662119, 0),
('G498', 'LHR', 'DXB', '2021-10-28 02:45:00', '10:55:00', '08:10:00', 523229, 0),
('G799', 'BOM', 'DXB', '2020-12-19 18:30:00', '21:45:00', '03:15:00', 353972, 0),
('G615', 'DXB', 'BOM', '2020-12-31 07:00:00', '10:15:00', '03:15:00', 317648, 0),
('G615', 'DXB', 'BOM', '2020-12-23 07:00:00', '10:15:00', '03:15:00', 367786, 0),
('G799', 'BOM', 'SYD', '2020-12-23 16:30:00', '04:00:00', '12:00:00', 807809, 0),
('G615', 'DXB', 'BOM', '2021-01-10 07:00:00', '10:15:00', '03:15:00', 106801, 0);

-- --------------------------------------------------------

--
-- Table structure for table `DXB_ARR`
--

CREATE TABLE `DXB_ARR` (
  `FLIGHT_NO` char(4) CHARACTER SET utf8 COLLATE utf8_unicode_ci DEFAULT NULL,
  `ORIGIN` varchar(4) CHARACTER SET utf8 COLLATE utf8_unicode_ci DEFAULT NULL,
  `DESTINATION` varchar(4) CHARACTER SET utf8 COLLATE utf8_unicode_ci DEFAULT NULL,
  `DEPATURE_TIME` time DEFAULT NULL,
  `ARRIVAL_TIME` time DEFAULT NULL,
  `DAY` varchar(20) CHARACTER SET utf8 COLLATE utf8_unicode_ci DEFAULT NULL,
  `TYPE` char(4) CHARACTER SET utf8 COLLATE utf8_unicode_ci DEFAULT NULL,
  `DURATION` time DEFAULT NULL,
  `TARIFF(USD)` int(11) NOT NULL
) ENGINE=InnoDB DEFAULT CHARSET=utf8 COLLATE=utf8_unicode_ci;

--
-- Dumping data for table `DXB_ARR`
--

INSERT INTO `DXB_ARR` (`FLIGHT_NO`, `ORIGIN`, `DESTINATION`, `DEPATURE_TIME`, `ARRIVAL_TIME`, `DAY`, `TYPE`, `DURATION`, `TARIFF(USD)`) VALUES
('G615', 'BOM', 'DXB', '11:30:00', '14:45:00', 'DAILY', 'DIR', '03:15:00', 315),
('G725', 'SYD', 'DXB', '22:00:00', '11:45:00', 'SUN/TUES/THUR', 'DIR', '13:45:00', 1957),
('G799', 'BOM', 'DXB', '18:30:00', '21:45:00', 'TUES/THURS/SAT', 'CON', '03:15:00', 315),
('G219', 'LHR', 'DXB', '14:25:00', '22:35:00', 'DAILY', 'DIR', '08:10:00', 893),
('G125', 'JFK', 'DXB', '16:15:00', '05:15:00', 'SUN/TUES/THUR', 'DIR', '13:00:00', 1788),
('G756', 'LHR', 'DXB', '11:55:00', '20:05:00', 'TUES/THUR/SAT', 'CON', '08:10:00', 893),
('G559', 'BOM', 'DXB', '22:00:00', '01:15:00', 'DAILY', 'DIR', '03:15:00', 315),
('G310', 'SYD', 'DXB', '15:00:00', '04:45:00', 'MON/WED/FRI', 'DIR', '13:45:00', 1957),
('G281', 'BOM', 'DXB', '03:45:00', '07:00:00', 'SUN/TUES/THUR', 'CON', '03:15:00', 315),
('G993', 'LHR', 'DXB', '00:30:00', '08:40:00', 'DAILY', 'DIR', '08:00:00', 893),
('G635', 'JFK', 'DXB', '03:10:00', '19:10:00', 'TUES/THUR/SAT', 'DIR', '13:00:00', 1788),
('G498', 'LHR', 'DXB', '02:45:00', '10:55:00', 'TUES/THUR/SAT', 'CON', '08:10:00', 893);

-- --------------------------------------------------------

--
-- Table structure for table `DXB_DEP`
--

CREATE TABLE `DXB_DEP` (
  `FLIGHT_NO` char(4) COLLATE utf8_unicode_ci DEFAULT NULL,
  `ORIGIN` varchar(4) COLLATE utf8_unicode_ci DEFAULT NULL,
  `DESTINATION` varchar(4) COLLATE utf8_unicode_ci DEFAULT NULL,
  `DEPATURE_TIME` time DEFAULT NULL,
  `ARRIVAL_TIME` time DEFAULT NULL,
  `DAY` varchar(20) COLLATE utf8_unicode_ci DEFAULT NULL,
  `TYPE` char(4) COLLATE utf8_unicode_ci DEFAULT NULL,
  `DURATION` time DEFAULT NULL,
  `TARIFF(USD)` int(11) NOT NULL
) ENGINE=InnoDB DEFAULT CHARSET=utf8 COLLATE=utf8_unicode_ci;

--
-- Dumping data for table `DXB_DEP`
--

INSERT INTO `DXB_DEP` (`FLIGHT_NO`, `ORIGIN`, `DESTINATION`, `DEPATURE_TIME`, `ARRIVAL_TIME`, `DAY`, `TYPE`, `DURATION`, `TARIFF(USD)`) VALUES
('G615', 'DXB', 'BOM', '07:00:00', '10:15:00', 'DAILY', 'DIR', '03:15:00', 315),
('G725', 'DXB', 'SYD', '07:00:00', '20:45:00', 'SUN/TUES/THUR', 'DIR', '13:45:00', 1957),
('G799', 'DXB', 'BOM', '12:00:00', '15:15:00', 'MON/WED/FRI', 'CON', '03:15:00', 315),
('G219', 'DXB', 'LHR', '05:00:00', '13:10:00', 'DAILY', 'DIR', '08:10:00', 893),
('G125', 'DXB', 'JFK', '02:00:00', '15:00:00', 'SUN/TUES/THUR', 'DIR', '13:00:00', 1788),
('G756', 'DXB', 'LHR', '08:00:00', '16:10:00', 'MON/WED/FRI', 'CON', '08:10:00', 893),
('G559', 'DXB', 'BOM', '15:30:00', '18:45:00', 'DAILY', 'DIR', '03:15:00', 315),
('G310', 'DXB', 'SYD', '00:00:00', '13:45:00', 'MON/WED/FRI', 'DIR', '13:45:00', 1957),
('G281', 'DXB', 'BOM', '20:00:00', '23:15:00', 'MON/WED/SAT', 'CON', '03:15:00', 315),
('G993', 'DXB', 'LHR', '15:00:00', '23:10:00', 'DAILY', 'DIR', '08:10:00', 893),
('G635', 'DXB', 'JFK', '12:00:00', '01:55:00', 'MON/WED/FRI', 'DIR', '13:00:00', 1788),
('G498', 'DXB', 'LHR', '23:00:00', '07:00:00', 'SUN/TUES/THUR', 'CON', '08:10:00', 893);

-- --------------------------------------------------------

--
-- Table structure for table `E_BOOKINGS`
--

CREATE TABLE `E_BOOKINGS` (
  `CUSTOMER_ID` int(11) NOT NULL,
  `BOOKING_ID` int(11) NOT NULL,
  `FLIGHT_NO` char(4) CHARACTER SET utf8 COLLATE utf8_unicode_ci NOT NULL,
  `DEPATURE_TIME` timestamp NOT NULL,
  `SEAT_NO` varchar(3) CHARACTER SET utf8 COLLATE utf8_unicode_ci NOT NULL,
  `SEAT_ID` int(11) NOT NULL,
  `AMOUNT_USD` int(11) NOT NULL,
  `DATE_OF_BOOKING` date NOT NULL
) ENGINE=InnoDB DEFAULT CHARSET=utf8 COLLATE=utf8_unicode_ci;

--
-- Dumping data for table `E_BOOKINGS`
--

INSERT INTO `E_BOOKINGS` (`CUSTOMER_ID`, `BOOKING_ID`, `FLIGHT_NO`, `DEPATURE_TIME`, `SEAT_NO`, `SEAT_ID`, `AMOUNT_USD`, `DATE_OF_BOOKING`) VALUES
(4648, 42732, 'G799', '2020-06-19 12:00:00', 'G21', 885383, 452, '2019-10-03'),
(4648, 42732, 'G799', '2020-06-19 16:30:00', 'C9', 526992, 2813, '2019-10-03'),
(2711, 91869, 'G281', '2020-10-04 13:45:00', 'H12', 171525, 285, '2020-05-17'),
(2711, 91869, 'G281', '2020-10-05 03:45:00', 'G31', 897109, 307, '2020-05-17'),
(1455, 52125, 'G559', '2020-07-21 22:00:00', 'A2', 798267, 400, '2019-12-24'),
(1455, 52125, 'G635', '2020-07-22 12:00:00', 'A18', 155394, 2673, '2019-12-24'),
(7756, 36858, 'G310', '2020-10-09 15:00:00', 'H26', 876969, 2250, '2020-02-22'),
(7756, 36858, 'G615', '2020-10-10 07:00:00', 'F23', 782751, 362, '2020-02-22'),
(160, 59183, 'G635', '2020-05-09 03:10:00', 'B14', 687291, 1747, '2019-10-02'),
(950, 39205, 'G559', '2020-05-03 15:30:00', 'B19', 680448, 362, '2019-05-09'),
(9572, 77768, 'G725', '2020-05-14 07:00:00', 'B34', 323200, 2250, '2020-04-14'),
(4863, 47053, 'G756', '2020-02-10 17:25:00', 'G4', 806986, 1190, '2019-07-25'),
(3898, 87611, 'G310', '2020-08-05 15:00:00', 'A20', 978424, 2813, '2019-10-10'),
(3898, 87611, 'G635', '2020-08-06 12:00:00', 'F13', 553357, 2570, '2019-10-10'),
(5564, 64322, 'G993', '2020-05-04 00:30:00', 'B34', 809229, 872, '2020-04-24'),
(5564, 64322, 'G635', '2020-05-04 12:00:00', 'F30', 404591, 2056, '2020-04-24'),
(1013, 55308, 'G615', '2020-08-16 11:30:00', 'F14', 44787, 452, '2020-07-07'),
(1013, 55308, 'G993', '2020-08-16 15:00:00', 'E37', 415701, 1283, '2020-07-07'),
(2299, 38624, 'G635', '2020-06-12 12:00:00', 'C24', 361093, 2570, '2019-08-27'),
(2299, 38624, 'G498', '2020-06-13 17:30:00', 'B27', 58480, 1293, '2019-08-27'),
(2312, 60980, 'G219', '2020-01-05 14:25:00', 'A23', 452939, 1180, '2019-09-27'),
(2312, 60980, 'G310', '2020-01-06 22:35:00', 'E20', 177334, 2199, '2019-09-27'),
(8166, 6613, 'G559', '2020-05-24 22:00:00', 'G3', 786995, 307, '2020-03-25'),
(8166, 6613, 'G635', '2020-05-25 12:00:00', 'D21', 877679, 2056, '2020-03-25'),
(7742, 63175, 'G310', '2020-01-10 00:00:00', 'C10', 469585, 2199, '2019-03-16'),
(7742, 63175, 'G799', '2020-01-11 13:45:00', 'D28', 369472, 2199, '2019-03-16'),
(3670, 66149, 'G125', '2020-03-17 16:15:00', 'A32', 885341, 2056, '2019-10-19'),
(3670, 66149, 'G559', '2020-03-18 15:30:00', 'E6', 14010, 362, '2019-10-19'),
(9642, 57789, 'G559', '2020-05-05 22:00:00', 'C14', 955741, 307, '2019-12-07'),
(9642, 57789, 'G125', '2020-05-06 02:00:00', 'G36', 662773, 1747, '2019-12-07'),
(8257, 34041, 'G219', '2020-01-19 14:25:00', 'D21', 680015, 1180, '2019-05-24'),
(8257, 34041, 'G310', '2020-01-20 22:35:00', 'D14', 53834, 2199, '2019-05-24'),
(4478, 22311, 'G498', '2020-07-24 17:30:00', 'F14', 601349, 1345, '2020-06-24'),
(4478, 22311, 'G219', '2020-07-25 14:25:00', 'B26', 667044, 1335, '2020-06-24'),
(7455, 94773, 'G559', '2020-02-25 22:00:00', 'C10', 549229, 354, '2019-11-07'),
(7455, 94773, 'G725', '2020-02-26 07:00:00', 'E20', 154432, 2588, '2019-11-07'),
(4864, 61202, 'G559', '2020-04-14 22:00:00', 'B25', 882784, 307, '2019-12-06'),
(4864, 61202, 'G635', '2020-04-15 12:00:00', 'E14', 349096, 2056, '2019-12-06'),
(4138, 88820, 'G756', '2020-03-20 08:00:00', 'H30', 521852, 1026, '2019-08-03'),
(1063, 19564, 'G125', '2020-03-12 16:15:00', 'B25', 374589, 2056, '2019-11-03'),
(1063, 19564, 'G725', '2020-03-13 07:00:00', 'D21', 460295, 2250, '2019-11-03'),
(3097, 48649, 'G125', '2020-07-05 16:15:00', 'H34', 827729, 2673, '2019-09-09'),
(3097, 48649, 'G559', '2020-07-06 15:30:00', 'F17', 602803, 470, '2019-09-09'),
(9473, 20071, 'G498', '2020-10-15 02:45:00', 'F25', 876567, 872, '2020-06-07'),
(9193, 56210, 'G498', '2020-04-11 02:45:00', 'H28', 538697, 872, '2019-05-07'),
(9193, 56210, 'G281', '2020-04-11 20:00:00', 'C24', 189311, 307, '2019-05-07'),
(998, 96790, 'G125', '2020-07-05 16:15:00', 'D18', 827729, 2673, '2019-08-30'),
(998, 96790, 'G725', '2020-07-06 07:00:00', 'B21', 606772, 2925, '2019-08-30'),
(2054, 72446, 'G498', '2020-09-22 23:00:00', 'A3', 54968, 872, '2020-05-05'),
(6689, 10906, 'G125', '2020-01-23 02:00:00', 'E10', 832373, 2009, '2019-01-28'),
(2234, 13507, 'G559', '2020-01-03 22:00:00', 'B24', 733999, 354, '2019-08-26'),
(2234, 13507, 'G635', '2020-01-04 12:00:00', 'A36', 906246, 2364, '2019-08-26'),
(1391, 92364, 'G310', '2020-01-22 15:00:00', 'B15', 282730, 2588, '2019-02-06'),
(1391, 92364, 'G281', '2020-01-23 20:00:00', 'C20', 213176, 354, '2019-02-06'),
(1062, 37895, 'G559', '2020-09-20 22:00:00', 'B22', 145904, 307, '2020-08-01'),
(1062, 37895, 'G725', '2020-09-21 07:00:00', 'E21', 653562, 2250, '2020-08-01'),
(378, 28973, 'G498', '2020-08-26 17:30:00', 'D24', 316515, 1293, '2020-02-28'),
(378, 28973, 'G756', '2020-08-27 11:55:00', 'A24', 568158, 1283, '2020-02-28'),
(3291, 89457, 'G615', '2020-08-25 07:00:00', 'A10', 854738, 452, '2019-12-19'),
(3291, 89457, 'G799', '2020-08-25 16:30:00', 'D38', 838647, 2813, '2019-12-19'),
(7622, 75632, 'G559', '2020-08-05 22:00:00', 'A19', 92644, 384, '2020-01-08'),
(7622, 75632, 'G725', '2020-08-06 07:00:00', 'E32', 970604, 2813, '2020-01-08'),
(3854, 18046, 'G993', '2020-06-02 00:30:00', 'C18', 377163, 1091, '2020-02-13'),
(8435, 69766, 'G993', '2020-03-22 00:30:00', 'H10', 776122, 872, '2019-11-13'),
(8435, 69766, 'G281', '2020-03-22 20:00:00', 'F33', 725387, 307, '2019-11-13'),
(9155, 29434, 'G635', '2020-05-25 12:00:00', 'B2', 877679, 2056, '2019-09-08'),
(7278, 22026, 'G725', '2020-02-13 07:00:00', 'D7', 775434, 2588, '2019-02-18'),
(7278, 22026, 'G281', '2020-02-14 20:45:00', 'C9', 936151, 327, '2019-02-18'),
(2107, 85391, 'G559', '2020-09-28 22:00:00', 'B24', 711030, 307, '2019-10-14'),
(2107, 85391, 'G635', '2020-09-29 12:00:00', 'H4', 944078, 2056, '2019-10-14'),
(3282, 69353, 'G615', '2020-02-02 07:00:00', 'A21', 579232, 416, '2019-05-18'),
(3282, 69353, 'G799', '2020-02-02 16:30:00', 'B19', 715179, 2588, '2019-05-18'),
(5704, 90174, 'G559', '2020-07-20 22:00:00', 'A21', 178623, 400, '2020-01-22'),
(5704, 90174, 'G993', '2020-07-21 15:00:00', 'B34', 979632, 1335, '2020-01-22'),
(3588, 54994, 'G993', '2020-04-27 00:30:00', 'B5', 64068, 872, '2019-10-20'),
(3588, 54994, 'G281', '2020-04-27 20:00:00', 'B18', 887882, 307, '2019-10-20'),
(9314, 87342, 'G615', '2020-09-22 07:00:00', 'F20', 835343, 362, '2019-10-28'),
(9314, 87342, 'G799', '2020-09-22 16:30:00', 'F12', 898420, 2250, '2019-10-28'),
(6834, 10941, 'G725', '2020-02-04 22:00:00', 'E6', 464354, 2199, '2019-07-19'),
(6834, 10941, 'G993', '2020-02-05 15:00:00', 'C38', 17530, 1180, '2019-07-19'),
(85, 75774, 'G725', '2020-09-24 07:00:00', 'F1', 384807, 2250, '2019-12-29'),
(85, 75774, 'G799', '2020-09-25 20:45:00', 'B13', 67590, 1912, '2019-12-29'),
(9473, 20071, 'G310', '2020-10-16 10:55:00', 'H21', 219036, 1912, '2020-06-07'),
(1658, 91473, 'G725', '2020-10-29 07:00:00', 'B20', 562976, 2250, '2020-10-09'),
(1658, 91473, 'G799', '2020-10-30 20:45:00', 'H16', 397446, 1912, '2020-10-09'),
(8302, 67610, 'G993', '2020-11-11 00:30:00', 'G37', 828741, 872, '2020-06-24'),
(8302, 67610, 'G635', '2020-11-11 12:00:00', 'C5', 865455, 2056, '2020-06-24'),
(6352, 22532, 'G281', '2020-11-10 00:30:00', 'D28', 475972, 242, '2020-06-23'),
(6352, 22532, 'G310', '2020-11-10 15:00:00', 'H18', 937087, 2250, '2020-06-23'),
(470, 52788, 'G310', '2020-11-13 15:00:00', 'E17', 117866, 2250, '2020-10-04'),
(470, 52788, 'G635', '2020-11-14 12:00:00', 'A20', 571253, 2056, '2020-10-04'),
(3419, 3951, 'G310', '2020-11-18 15:00:00', 'D16', 650977, 2250, '2020-07-21'),
(3419, 3951, 'G559', '2020-11-19 15:30:00', 'H1', 336256, 362, '2020-07-21'),
(3520, 27727, 'G993', '2020-11-04 00:30:00', 'H26', 464881, 872, '2020-08-06'),
(3520, 27727, 'G281', '2020-11-04 20:00:00', 'G30', 457208, 307, '2020-08-06'),
(694, 36901, 'G559', '2020-12-03 22:00:00', 'E18', 245293, 400, '2020-09-04'),
(694, 36901, 'G725', '2020-12-04 07:00:00', 'C23', 264472, 2925, '2020-09-04'),
(7708, 42772, 'G799', '2020-11-11 12:00:00', 'A1', 707186, 362, '2020-10-19'),
(7708, 42772, 'G799', '2020-11-11 16:30:00', 'A1', 782860, 2250, '2020-10-19'),
(1947, 39999, 'G615', '2020-11-11 07:00:00', 'A1', 900525, 362, '2020-10-19'),
(1563, 4763, 'G615', '2020-12-05 07:00:00', 'F20', 195274, 470, '2019-12-21'),
(2945, 82535, 'G799', '2020-12-11 16:30:00', 'D17', 528724, 2925, '2020-11-21');

-- --------------------------------------------------------

--
-- Table structure for table `E_SCHEDULE`
--

CREATE TABLE `E_SCHEDULE` (
  `FLIGHT_NO` char(4) CHARACTER SET utf8 COLLATE utf8_unicode_ci NOT NULL,
  `ORIGIN` char(3) CHARACTER SET utf8 COLLATE utf8_unicode_ci NOT NULL,
  `DESTINATION` char(3) CHARACTER SET utf8 COLLATE utf8_unicode_ci NOT NULL,
  `DEPATURE_TIME` timestamp NOT NULL,
  `ARRIVAL_TIME` time NOT NULL,
  `DURATION` time NOT NULL,
  `SEAT_ID` int(11) NOT NULL
) ENGINE=InnoDB DEFAULT CHARSET=utf8 COLLATE=utf8_unicode_ci;

--
-- Dumping data for table `E_SCHEDULE`
--

INSERT INTO `E_SCHEDULE` (`FLIGHT_NO`, `ORIGIN`, `DESTINATION`, `DEPATURE_TIME`, `ARRIVAL_TIME`, `DURATION`, `SEAT_ID`) VALUES
('G799', 'DXB', 'BOM', '2020-06-19 12:00:00', '15:15:00', '03:15:00', 885383),
('G799', 'BOM', 'SYD', '2020-06-19 16:30:00', '04:00:00', '12:00:00', 526992),
('G281', 'SYD', 'BOM', '2020-10-04 13:45:00', '01:45:00', '12:00:00', 171525),
('G281', 'BOM', 'DXB', '2020-10-05 03:45:00', '07:00:00', '03:15:00', 897109),
('G559', 'BOM', 'DXB', '2020-07-21 22:00:00', '01:15:00', '03:15:00', 798267),
('G635', 'DXB', 'JFK', '2020-07-22 12:00:00', '01:55:00', '13:00:00', 155394),
('G310', 'SYD', 'DXB', '2020-10-09 15:00:00', '04:45:00', '13:45:00', 876969),
('G615', 'DXB', 'BOM', '2020-10-10 07:00:00', '10:15:00', '03:15:00', 782751),
('G635', 'JFK', 'DXB', '2020-05-09 03:10:00', '19:10:00', '13:00:00', 687291),
('G559', 'DXB', 'BOM', '2020-05-03 15:30:00', '18:45:00', '03:15:00', 680448),
('G725', 'DXB', 'SYD', '2020-05-14 07:00:00', '20:45:00', '13:45:00', 323200),
('G756', 'LHR', 'JFK', '2020-02-10 17:25:00', '01:25:00', '08:00:00', 806986),
('G310', 'SYD', 'DXB', '2020-08-05 15:00:00', '04:45:00', '13:45:00', 978424),
('G635', 'DXB', 'JFK', '2020-08-06 12:00:00', '01:55:00', '13:00:00', 553357),
('G993', 'LHR', 'DXB', '2020-05-04 00:30:00', '08:40:00', '08:00:00', 809229),
('G635', 'DXB', 'JFK', '2020-05-04 12:00:00', '01:55:00', '13:00:00', 404591),
('G615', 'BOM', 'DXB', '2020-08-16 11:30:00', '14:45:00', '03:15:00', 44787),
('G993', 'DXB', 'LHR', '2020-08-16 15:00:00', '23:10:00', '08:10:00', 415701),
('G635', 'DXB', 'JFK', '2020-06-12 12:00:00', '01:55:00', '13:00:00', 361093),
('G498', 'JFK', 'LHR', '2020-06-13 17:30:00', '01:30:00', '08:00:00', 58480),
('G219', 'LHR', 'DXB', '2020-01-05 14:25:00', '22:35:00', '08:10:00', 452939),
('G310', 'DXB', 'SYD', '2020-01-06 22:35:00', '13:45:00', '13:45:00', 177334),
('G559', 'BOM', 'DXB', '2020-05-24 22:00:00', '01:15:00', '03:15:00', 786995),
('G635', 'DXB', 'JFK', '2020-05-25 12:00:00', '01:55:00', '13:00:00', 877679),
('G310', 'DXB', 'SYD', '2020-01-10 00:00:00', '13:45:00', '13:45:00', 469585),
('G799', 'SYD', 'BOM', '2020-01-11 13:45:00', '17:15:00', '12:00:00', 369472),
('G125', 'JFK', 'DXB', '2020-03-17 16:15:00', '05:15:00', '13:00:00', 885341),
('G559', 'DXB', 'BOM', '2020-03-18 15:30:00', '18:45:00', '03:15:00', 14010),
('G559', 'BOM', 'DXB', '2020-05-05 22:00:00', '01:15:00', '03:15:00', 955741),
('G125', 'DXB', 'JFK', '2020-05-06 02:00:00', '15:00:00', '13:00:00', 662773),
('G219', 'LHR', 'DXB', '2020-01-19 14:25:00', '22:35:00', '08:10:00', 680015),
('G310', 'DXB', 'SYD', '2020-01-20 22:35:00', '13:45:00', '13:45:00', 53834),
('G498', 'JFK', 'LHR', '2020-07-24 17:30:00', '01:30:00', '08:00:00', 601349),
('G219', 'LHR', 'DXB', '2020-07-25 14:25:00', '22:35:00', '08:10:00', 667044),
('G559', 'BOM', 'DXB', '2020-02-25 22:00:00', '01:15:00', '03:15:00', 549229),
('G725', 'DXB', 'SYD', '2020-02-26 07:00:00', '20:45:00', '13:45:00', 154432),
('G559', 'BOM', 'DXB', '2020-04-14 22:00:00', '01:15:00', '03:15:00', 882784),
('G635', 'DXB', 'JFK', '2020-04-15 12:00:00', '01:55:00', '13:00:00', 349096),
('G756', 'DXB', 'LHR', '2020-03-20 08:00:00', '16:10:00', '08:10:00', 521852),
('G125', 'JFK', 'DXB', '2020-03-12 16:15:00', '05:15:00', '13:00:00', 374589),
('G725', 'DXB', 'SYD', '2020-03-13 07:00:00', '20:45:00', '13:45:00', 460295),
('G125', 'JFK', 'DXB', '2020-07-05 16:15:00', '05:15:00', '13:00:00', 827729),
('G559', 'DXB', 'BOM', '2020-07-06 15:30:00', '18:45:00', '03:15:00', 602803),
('G498', 'LHR', 'DXB', '2020-10-15 02:45:00', '10:55:00', '08:10:00', 876567),
('G498', 'LHR', 'DXB', '2020-04-11 02:45:00', '10:55:00', '08:10:00', 538697),
('G281', 'DXB', 'BOM', '2020-04-11 20:00:00', '23:15:00', '03:15:00', 189311),
('G725', 'DXB', 'SYD', '2020-07-06 07:00:00', '20:45:00', '13:45:00', 606772),
('G498', 'DXB', 'LHR', '2020-09-22 23:00:00', '07:00:00', '08:10:00', 54968),
('G125', 'DXB', 'JFK', '2020-01-23 02:00:00', '15:00:00', '13:00:00', 832373),
('G559', 'BOM', 'DXB', '2020-01-03 22:00:00', '01:15:00', '03:15:00', 733999),
('G635', 'DXB', 'JFK', '2020-01-04 12:00:00', '01:55:00', '13:00:00', 906246),
('G310', 'SYD', 'DXB', '2020-01-22 15:00:00', '04:45:00', '13:45:00', 282730),
('G281', 'DXB', 'BOM', '2020-01-23 20:00:00', '23:15:00', '03:15:00', 213176),
('G559', 'BOM', 'DXB', '2020-09-20 22:00:00', '01:15:00', '03:15:00', 145904),
('G725', 'DXB', 'SYD', '2020-09-21 07:00:00', '20:45:00', '13:45:00', 653562),
('G498', 'JFK', 'LHR', '2020-08-26 17:30:00', '01:30:00', '08:00:00', 316515),
('G756', 'LHR', 'DXB', '2020-08-27 11:55:00', '20:05:00', '08:10:00', 568158),
('G615', 'DXB', 'BOM', '2020-08-25 07:00:00', '10:15:00', '03:15:00', 854738),
('G799', 'BOM', 'SYD', '2020-08-25 16:30:00', '04:00:00', '12:00:00', 838647),
('G559', 'BOM', 'DXB', '2020-08-05 22:00:00', '01:15:00', '03:15:00', 92644),
('G725', 'DXB', 'SYD', '2020-08-06 07:00:00', '20:45:00', '13:45:00', 970604),
('G993', 'LHR', 'DXB', '2020-06-02 00:30:00', '08:40:00', '08:00:00', 377163),
('G993', 'LHR', 'DXB', '2020-03-22 00:30:00', '08:40:00', '08:00:00', 776122),
('G281', 'DXB', 'BOM', '2020-03-22 20:00:00', '23:15:00', '03:15:00', 725387),
('G725', 'DXB', 'SYD', '2020-02-13 07:00:00', '20:45:00', '13:45:00', 775434),
('G281', 'SYD', 'BOM', '2020-02-14 20:45:00', '01:45:00', '12:00:00', 936151),
('G559', 'BOM', 'DXB', '2020-09-28 22:00:00', '01:15:00', '03:15:00', 711030),
('G635', 'DXB', 'JFK', '2020-09-29 12:00:00', '01:55:00', '13:00:00', 944078),
('G615', 'DXB', 'BOM', '2020-02-02 07:00:00', '10:15:00', '03:15:00', 579232),
('G799', 'BOM', 'SYD', '2020-02-02 16:30:00', '04:00:00', '12:00:00', 715179),
('G559', 'BOM', 'DXB', '2020-07-20 22:00:00', '01:15:00', '03:15:00', 178623),
('G993', 'DXB', 'LHR', '2020-07-21 15:00:00', '23:10:00', '08:10:00', 979632),
('G993', 'LHR', 'DXB', '2020-04-27 00:30:00', '08:40:00', '08:00:00', 64068),
('G281', 'DXB', 'BOM', '2020-04-27 20:00:00', '23:15:00', '03:15:00', 887882),
('G615', 'DXB', 'BOM', '2020-09-22 07:00:00', '10:15:00', '03:15:00', 835343),
('G799', 'BOM', 'SYD', '2020-09-22 16:30:00', '04:00:00', '12:00:00', 898420),
('G725', 'SYD', 'DXB', '2020-02-04 22:00:00', '11:45:00', '13:45:00', 464354),
('G993', 'DXB', 'LHR', '2020-02-05 15:00:00', '23:10:00', '08:10:00', 17530),
('G725', 'DXB', 'SYD', '2020-09-24 07:00:00', '20:45:00', '13:45:00', 384807),
('G799', 'SYD', 'BOM', '2020-09-25 20:45:00', '17:15:00', '12:00:00', 67590),
('G310', 'DXB', 'SYD', '2020-10-16 10:55:00', '13:45:00', '13:45:00', 219036),
('G725', 'DXB', 'SYD', '2020-10-29 07:00:00', '20:45:00', '13:45:00', 562976),
('G799', 'SYD', 'BOM', '2020-10-30 20:45:00', '17:15:00', '12:00:00', 397446),
('G993', 'LHR', 'DXB', '2020-11-11 00:30:00', '08:40:00', '08:00:00', 828741),
('G635', 'DXB', 'JFK', '2020-11-11 12:00:00', '01:55:00', '13:00:00', 865455),
('G281', 'BOM', 'SYD', '2020-11-10 00:30:00', '12:30:00', '12:00:00', 475972),
('G310', 'SYD', 'DXB', '2020-11-10 15:00:00', '04:45:00', '13:45:00', 937087),
('G310', 'SYD', 'DXB', '2020-11-13 15:00:00', '04:45:00', '13:45:00', 117866),
('G635', 'DXB', 'JFK', '2020-11-14 12:00:00', '01:55:00', '13:00:00', 571253),
('G310', 'SYD', 'DXB', '2020-11-18 15:00:00', '04:45:00', '13:45:00', 650977),
('G559', 'DXB', 'BOM', '2020-11-19 15:30:00', '18:45:00', '03:15:00', 336256),
('G993', 'LHR', 'DXB', '2020-11-04 00:30:00', '08:40:00', '08:00:00', 464881),
('G281', 'DXB', 'BOM', '2020-11-04 20:00:00', '23:15:00', '03:15:00', 457208),
('G559', 'BOM', 'DXB', '2020-12-03 22:00:00', '01:15:00', '03:15:00', 245293),
('G725', 'DXB', 'SYD', '2020-12-04 07:00:00', '20:45:00', '13:45:00', 264472),
('G310', 'DXB', 'SYD', '2020-11-11 00:00:00', '13:45:00', '13:45:00', 51103),
('G799', 'DXB', 'BOM', '2020-11-11 12:00:00', '15:15:00', '03:15:00', 707186),
('G799', 'BOM', 'SYD', '2020-11-11 16:30:00', '04:00:00', '12:00:00', 782860),
('G615', 'DXB', 'BOM', '2020-11-11 07:00:00', '10:15:00', '03:15:00', 900525),
('G615', 'DXB', 'BOM', '2020-12-05 07:00:00', '10:15:00', '03:15:00', 195274),
('G799', 'BOM', 'SYD', '2020-12-11 16:30:00', '04:00:00', '12:00:00', 528724);

-- --------------------------------------------------------

--
-- Table structure for table `JFK_ARR`
--

CREATE TABLE `JFK_ARR` (
  `FLIGHT_NO` char(4) CHARACTER SET utf8 COLLATE utf8_unicode_ci DEFAULT NULL,
  `ORIGIN` varchar(4) CHARACTER SET utf8 COLLATE utf8_unicode_ci DEFAULT NULL,
  `DESTINATION` varchar(4) CHARACTER SET utf8 COLLATE utf8_unicode_ci DEFAULT NULL,
  `DEPATURE_TIME` time DEFAULT NULL,
  `ARRIVAL_TIME` time DEFAULT NULL,
  `DAY` varchar(20) CHARACTER SET utf8 COLLATE utf8_unicode_ci DEFAULT NULL,
  `TYPE` char(4) CHARACTER SET utf8 COLLATE utf8_unicode_ci DEFAULT NULL,
  `DURATION` time DEFAULT NULL,
  `TARIFF(USD)` int(11) NOT NULL
) ENGINE=InnoDB DEFAULT CHARSET=utf8 COLLATE=utf8_unicode_ci;

--
-- Dumping data for table `JFK_ARR`
--

INSERT INTO `JFK_ARR` (`FLIGHT_NO`, `ORIGIN`, `DESTINATION`, `DEPATURE_TIME`, `ARRIVAL_TIME`, `DAY`, `TYPE`, `DURATION`, `TARIFF(USD)`) VALUES
('G125', 'DXB', 'JFK', '02:00:00', '15:00:00', 'SUN/TUES/THUR', 'DIR', '13:00:00', 1788),
('G756', 'LHR', 'JFK', '17:25:00', '01:25:00', 'MON/WED/FRI', 'CON', '08:00:00', 900),
('G635', 'DXB', 'JFK', '12:00:00', '01:55:00', 'MON/WED/FRI', 'DIR', '13:00:00', 1788),
('G498', 'LHR', 'JFK', '08:15:00', '16:15:00', 'MON/WED/FRI', 'CON', '08:00:00', 900);

-- --------------------------------------------------------

--
-- Table structure for table `JFK_DEP`
--

CREATE TABLE `JFK_DEP` (
  `FLIGHT_NO` char(4) CHARACTER SET utf8 COLLATE utf8_unicode_ci DEFAULT NULL,
  `ORIGIN` varchar(4) CHARACTER SET utf8 COLLATE utf8_unicode_ci DEFAULT NULL,
  `DESTINATION` varchar(4) CHARACTER SET utf8 COLLATE utf8_unicode_ci DEFAULT NULL,
  `DEPATURE_TIME` time DEFAULT NULL,
  `ARRIVAL_TIME` time DEFAULT NULL,
  `DAY` varchar(20) CHARACTER SET utf8 COLLATE utf8_unicode_ci DEFAULT NULL,
  `TYPE` char(4) CHARACTER SET utf8 COLLATE utf8_unicode_ci DEFAULT NULL,
  `DURATION` time DEFAULT NULL,
  `TARIFF(USD)` int(11) NOT NULL
) ENGINE=InnoDB DEFAULT CHARSET=utf8 COLLATE=utf8_unicode_ci;

--
-- Dumping data for table `JFK_DEP`
--

INSERT INTO `JFK_DEP` (`FLIGHT_NO`, `ORIGIN`, `DESTINATION`, `DEPATURE_TIME`, `ARRIVAL_TIME`, `DAY`, `TYPE`, `DURATION`, `TARIFF(USD)`) VALUES
('G125', 'JFK', 'DXB', '16:15:00', '05:15:00', 'SUN/TUES/THUR', 'DIR', '13:00:00', 1788),
('G756', 'JFK', 'LHR', '02:40:00', '10:40:00', 'TUES/THUR/SAT', 'CON', '08:00:00', 900),
('G635', 'JFK', 'DXB', '03:10:00', '19:10:00', 'TUES/THUR/SAT', 'DIR', '13:00:00', 1788),
('G498', 'JFK', 'LHR', '17:30:00', '01:30:00', 'MON/WED/FRI', 'CON', '08:00:00', 900);

-- --------------------------------------------------------

--
-- Table structure for table `LHR_ARR`
--

CREATE TABLE `LHR_ARR` (
  `FLIGHT_NO` char(4) CHARACTER SET utf8 COLLATE utf8_unicode_ci DEFAULT NULL,
  `ORIGIN` varchar(4) CHARACTER SET utf8 COLLATE utf8_unicode_ci DEFAULT NULL,
  `DESTINATION` varchar(4) CHARACTER SET utf8 COLLATE utf8_unicode_ci DEFAULT NULL,
  `DEPATURE_TIME` time DEFAULT NULL,
  `ARRIVAL_TIME` time DEFAULT NULL,
  `DAY` varchar(20) CHARACTER SET utf8 COLLATE utf8_unicode_ci DEFAULT NULL,
  `TYPE` char(4) CHARACTER SET utf8 COLLATE utf8_unicode_ci DEFAULT NULL,
  `DURATION` time DEFAULT NULL,
  `TARIFF(USD)` int(11) NOT NULL
) ENGINE=InnoDB DEFAULT CHARSET=utf8 COLLATE=utf8_unicode_ci;

--
-- Dumping data for table `LHR_ARR`
--

INSERT INTO `LHR_ARR` (`FLIGHT_NO`, `ORIGIN`, `DESTINATION`, `DEPATURE_TIME`, `ARRIVAL_TIME`, `DAY`, `TYPE`, `DURATION`, `TARIFF(USD)`) VALUES
('G219', 'DXB', 'LHR', '05:00:00', '13:10:00', 'DAILY', 'DIR', '08:10:00', 893),
('G756', 'DXB', 'LHR', '08:00:00', '16:10:00', 'MON/WED/FRI', 'CON', '08:10:00', 893),
('G756', 'JFK', 'LHR', '02:40:00', '10:40:00', 'TUES/THUR/SAT', 'CON', '08:00:00', 900),
('G993', 'DXB', 'LHR', '15:00:00', '23:10:00', 'DAILY', 'DIR', '08:10:00', 893),
('G498', 'DXB', 'LHR', '23:00:00', '07:00:00', 'SUN/TUES/THUR', 'CON', '08:10:00', 893),
('G498', 'JFK', 'LHR', '17:30:00', '01:30:00', 'MON/WED/FRI', 'CON', '08:00:00', 900);

-- --------------------------------------------------------

--
-- Table structure for table `LHR_DEP`
--

CREATE TABLE `LHR_DEP` (
  `FLIGHT_NO` char(4) CHARACTER SET utf8 COLLATE utf8_unicode_ci DEFAULT NULL,
  `ORIGIN` varchar(4) CHARACTER SET utf8 COLLATE utf8_unicode_ci DEFAULT NULL,
  `DESTINATION` varchar(4) CHARACTER SET utf8 COLLATE utf8_unicode_ci DEFAULT NULL,
  `DEPATURE_TIME` time DEFAULT NULL,
  `ARRIVAL_TIME` time DEFAULT NULL,
  `DAY` varchar(20) CHARACTER SET utf8 COLLATE utf8_unicode_ci DEFAULT NULL,
  `TYPE` char(4) CHARACTER SET utf8 COLLATE utf8_unicode_ci DEFAULT NULL,
  `DURATION` time DEFAULT NULL,
  `TARIFF(USD)` int(11) NOT NULL
) ENGINE=InnoDB DEFAULT CHARSET=utf8 COLLATE=utf8_unicode_ci;

--
-- Dumping data for table `LHR_DEP`
--

INSERT INTO `LHR_DEP` (`FLIGHT_NO`, `ORIGIN`, `DESTINATION`, `DEPATURE_TIME`, `ARRIVAL_TIME`, `DAY`, `TYPE`, `DURATION`, `TARIFF(USD)`) VALUES
('G219', 'LHR', 'DXB', '14:25:00', '22:35:00', 'DAILY', 'DIR', '08:10:00', 893),
('G756', 'LHR', 'JFK', '17:25:00', '01:25:00', 'MON/WED/FRI', 'CON', '08:00:00', 900),
('G756', 'LHR', 'DXB', '11:55:00', '20:05:00', 'TUES/THUR/SAT', 'CON', '08:10:00', 893),
('G993', 'LHR', 'DXB', '00:30:00', '08:40:00', 'DAILY', 'DIR', '08:00:00', 893),
('G498', 'LHR', 'JFK', '08:15:00', '16:15:00', 'MON/WED/FRI', 'CON', '08:00:00', 900),
('G498', 'LHR', 'DXB', '02:45:00', '10:55:00', 'TUES/THUR/SAT', 'CON', '08:10:00', 893);

-- --------------------------------------------------------

--
-- Table structure for table `PASSPORT`
--

CREATE TABLE `PASSPORT` (
  `CUSTOMER_ID` int(11) NOT NULL,
  `P_NUMBER` varchar(11) COLLATE utf8_unicode_ci NOT NULL,
  `P_NAME` varchar(100) COLLATE utf8_unicode_ci NOT NULL,
  `P_EXPIRY` date NOT NULL
) ENGINE=InnoDB DEFAULT CHARSET=utf8 COLLATE=utf8_unicode_ci;

--
-- Dumping data for table `PASSPORT`
--

INSERT INTO `PASSPORT` (`CUSTOMER_ID`, `P_NUMBER`, `P_NAME`, `P_EXPIRY`) VALUES
(8184, '154222F', 'AARON', '2022-11-01'),
(4648, '331530J', 'JOEL', '2022-01-01'),
(8568, '176528B', 'ANSH', '2022-10-01'),
(2711, '443313N', 'NAVEED', '2022-03-01'),
(4921, '861506C', 'SOORYA', '2022-03-01'),
(1455, '821140J', 'NAVISH', '2022-02-01'),
(7756, '845481N', 'NAVISH', '2022-02-01'),
(160, '412315D', 'JOEL', '2022-02-01'),
(7680, '327746J', 'JOEL', '2022-09-01'),
(8602, '314454M', 'JOEL', '2022-03-01'),
(950, '965682K', 'ZIYAAN', '2022-11-01'),
(5400, '373888N', 'SOORYA', '2022-01-01'),
(916, '107241K', 'NAVISH', '2022-03-01'),
(9572, '700046B', 'NAVEED', '2022-02-01'),
(8302, '116670M', 'JOEL', '2022-08-01'),
(4863, '778599M', 'JOEL', '2022-03-01'),
(3898, '113875A', 'JOEL', '2022-12-01'),
(5564, '174274K', 'FARAZ', '2022-04-01'),
(1013, '357865K', 'NAVEED', '2022-07-01'),
(1640, '749478N', 'ANSH', '2022-07-01'),
(3710, '510912N', 'NAVEED', '2022-10-01'),
(1835, '690579M', 'FARAZ', '2022-01-01'),
(6495, '320731N', 'FARAZ', '2022-09-01'),
(3369, '266789K', 'NAVEED', '2022-07-01'),
(2455, '679274M', 'ANSH', '2022-03-01'),
(224, '981432C', 'ANSH', '2022-01-01'),
(2299, '289830E', 'ZIYAAN', '2022-12-01'),
(4397, '257776A', 'SOORYA', '2022-02-01'),
(2312, '626823E', 'SOORYA', '2022-06-01'),
(8166, '244350M', 'SOORYA', '2022-07-01'),
(7742, '608712L', 'SOORYA', '2022-09-01'),
(3670, '106196K', 'FARAZ', '2022-06-01'),
(9368, '164694E', 'JOEL', '2022-07-01'),
(9642, '356820F', 'NAVISH', '2022-07-01'),
(3582, '374361N', 'ZIYAAN', '2022-01-01'),
(8257, '671006K', 'ANSH', '2022-12-01'),
(9717, '424927F', 'SOORYA', '2022-06-01'),
(4478, '483123D', 'NAVISH', '2022-11-01'),
(5027, '972212C', 'NAVEED', '2022-05-01'),
(7455, '450998E', 'ANSH', '2022-11-01'),
(9856, '666454J', 'JOEL', '2022-02-01'),
(2330, '182275B', 'ZIYAAN', '2022-05-01'),
(4797, '767396C', 'JOEL', '2022-12-01'),
(6352, '285148F', 'SOORYA', '2022-01-01'),
(4864, '834023L', 'ANSH', '2022-07-01'),
(4138, '813380D', 'NAVISH', '2022-01-01'),
(8299, '384354J', 'NAVEED', '2022-09-01'),
(1810, '249633J', 'SOORYA', '2022-03-01'),
(1063, '932162N', 'NAVEED', '2022-12-01'),
(3097, '595078A', 'ANSH', '2022-05-01'),
(5752, '431026J', 'ANSH', '2022-01-01'),
(9473, '236922K', 'ANSH', '2022-05-01'),
(8186, '269784J', 'SOORYA', '2022-05-01'),
(9193, '345550F', 'SOORYA', '2022-05-01'),
(998, '341969K', 'JOEL', '2022-10-01'),
(470, '261953J', 'ANSH', '2022-11-01'),
(2054, '570940F', 'NAVISH', '2022-06-01'),
(3419, '861746F', 'FARAZ', '2022-06-01'),
(3010, '510248L', 'SOORYA', '2022-11-01'),
(1563, '317319K', 'FARAZ', '2022-04-01'),
(6689, '363026B', 'AARON', '2022-09-01'),
(2234, '112354N', 'ZIYAAN', '2022-08-01'),
(5791, '120096F', 'NAVEED', '2022-01-01'),
(2639, '654817N', 'NAVISH', '2022-07-01'),
(1391, '263037A', 'NAVISH', '2022-07-01'),
(3520, '513920E', 'ZIYAAN', '2022-06-01'),
(1062, '982793M', 'NAVEED', '2022-03-01'),
(5739, '472481E', 'NAVISH', '2022-10-01'),
(378, '888883J', 'ANSH', '2022-12-01'),
(3291, '440573L', 'FARAZ', '2022-08-01'),
(7622, '520439L', 'FARAZ', '2022-02-01'),
(8323, '918801F', 'ZIYAAN', '2022-05-01'),
(3854, '841863K', 'NAVISH', '2022-02-01'),
(8435, '431582J', 'AARON', '2022-09-01'),
(9155, '718733L', 'ZIYAAN', '2022-04-01'),
(5331, '473310K', 'FARAZ', '2022-06-01'),
(7278, '315367E', 'NAVISH', '2022-10-01'),
(9588, '354958B', 'NAVEED', '2022-05-01'),
(2107, '723787J', 'ZIYAAN', '2022-09-01'),
(4296, '825084K', 'NAVEED', '2022-07-01'),
(8289, '768969L', 'AARON', '2022-11-01'),
(7487, '105488E', 'SOORYA', '2022-04-01'),
(3282, '104753C', 'NAVISH', '2022-06-01'),
(5704, '367381N', 'ANSH', '2022-11-01'),
(3588, '530447K', 'AARON', '2022-12-01'),
(1658, '384253K', 'SOORYA', '2022-06-01'),
(6868, '777509D', 'FARAZ', '2022-03-01'),
(2945, '989329K', 'JOEL', '2022-06-01'),
(9314, '882179N', 'FARAZ', '2022-05-01'),
(694, '233092D', 'NAVEED', '2022-09-01'),
(1802, '212225F', 'NAVEED', '2022-08-01'),
(6834, '604290M', 'ZIYAAN', '2022-06-01'),
(85, '652765C', 'JOEL', '2022-06-01'),
(3855, '254283A', 'NAVISH', '2022-08-01'),
(3847, '277648N', 'FARAZ', '2022-09-01'),
(6856, 'T89765', 'MOHAMED NAVEED', '2021-01-13'),
(7708, 'T12345', 'ZIYAAN MIR', '2021-11-11'),
(5635, 'T123456', 'ZIYAAN MIR', '2021-11-11'),
(1947, 'T67892', 'ZIYAAN MIR', '2021-11-11'),
(3606, 'R45923', 'NAVEEED', '2021-12-12'),
(6344, '12345', 'MARI', '2022-03-04');

-- --------------------------------------------------------

--
-- Table structure for table `ROUTES`
--

CREATE TABLE `ROUTES` (
  `FLIGHT_NO` varchar(4) CHARACTER SET utf8 COLLATE utf8_unicode_ci DEFAULT NULL,
  `ORIGIN` varchar(4) CHARACTER SET utf8 COLLATE utf8_unicode_ci DEFAULT NULL,
  `DESTINATION` varchar(4) CHARACTER SET utf8 COLLATE utf8_unicode_ci DEFAULT NULL,
  `DEPATURE_TIME` time DEFAULT NULL,
  `ARRIVAL_TIME` time DEFAULT NULL,
  `DAY` varchar(20) CHARACTER SET utf8 COLLATE utf8_unicode_ci DEFAULT NULL,
  `TYPE` varchar(10) CHARACTER SET utf8 COLLATE utf8_unicode_ci DEFAULT NULL,
  `DURATION` time DEFAULT NULL,
  `TARIFF(USD)` int(11) DEFAULT NULL
) ENGINE=InnoDB DEFAULT CHARSET=utf8 COLLATE=utf8_unicode_ci;

--
-- Dumping data for table `ROUTES`
--

INSERT INTO `ROUTES` (`FLIGHT_NO`, `ORIGIN`, `DESTINATION`, `DEPATURE_TIME`, `ARRIVAL_TIME`, `DAY`, `TYPE`, `DURATION`, `TARIFF(USD)`) VALUES
('G615', 'DXB', 'BOM', '07:00:00', '10:15:00', 'DAILY', 'DIR', '03:15:00', 315),
('G615', 'BOM', 'DXB', '11:30:00', '14:45:00', 'DAILY', 'DIR', '03:15:00', 315),
('G725', 'DXB', 'SYD', '07:00:00', '20:45:00', 'SUN/TUES/THUR', 'DIR', '13:45:00', 1957),
('G725', 'SYD', 'DXB', '22:00:00', '11:45:00', 'SUN/TUES/THUR', 'DIR', '13:45:00', 1957),
('G799', 'DXB', 'BOM', '12:00:00', '15:15:00', 'MON/WED/FRI', 'CON', '03:15:00', 315),
('G799', 'BOM', 'SYD', '16:30:00', '04:00:00', 'MON/WED/FRI', 'CON', '12:00:00', 1957),
('G799', 'SYD', 'BOM', '05:15:00', '17:15:00', 'TUES/THUR/SAT', 'CON', '12:00:00', 1957),
('G799', 'BOM', 'DXB', '18:30:00', '21:45:00', 'TUES/THURS/SAT', 'CON', '03:15:00', 315),
('G219', 'DXB', 'LHR', '05:00:00', '13:10:00', 'DAILY', 'DIR', '08:10:00', 893),
('G219', 'LHR', 'DXB', '14:25:00', '22:35:00', 'DAILY', 'DIR', '08:10:00', 893),
('G125', 'DXB', 'JFK', '02:00:00', '15:00:00', 'SUN/TUES/THUR', 'DIR', '13:00:00', 1788),
('G125', 'JFK', 'DXB', '16:15:00', '05:15:00', 'SUN/TUES/THUR', 'DIR', '13:00:00', 1788),
('G756', 'DXB', 'LHR', '08:00:00', '16:10:00', 'MON/WED/FRI', 'CON', '08:10:00', 893),
('G756', 'LHR', 'JFK', '17:25:00', '01:25:00', 'MON/WED/FRI', 'CON', '08:00:00', 900),
('G756', 'JFK', 'LHR', '02:40:00', '10:40:00', 'TUES/THUR/SAT', 'CON', '08:00:00', 900),
('G756', 'LHR', 'DXB', '11:55:00', '20:05:00', 'TUES/THUR/SAT', 'CON', '08:10:00', 893),
('G559', 'DXB', 'BOM', '15:30:00', '18:45:00', 'DAILY', 'DIR', '03:15:00', 315),
('G559', 'BOM', 'DXB', '22:00:00', '01:15:00', 'DAILY', 'DIR', '03:15:00', 315),
('G310', 'DXB', 'SYD', '00:00:00', '13:45:00', 'MON/WED/FRI', 'DIR', '13:45:00', 1957),
('G310', 'SYD', 'DXB', '15:00:00', '04:45:00', 'MON/WED/FRI', 'DIR', '13:45:00', 1957),
('G281', 'DXB', 'BOM', '20:00:00', '23:15:00', 'MON/WED/SAT', 'CON', '03:15:00', 315),
('G281', 'BOM', 'SYD', '00:30:00', '12:30:00', 'SUN/TUES/THUR', 'CON', '12:00:00', 248),
('G281', 'SYD', 'BOM', '13:45:00', '01:45:00', 'SUN/TUES/THUR', 'CON', '12:00:00', 248),
('G281', 'BOM', 'DXB', '03:45:00', '07:00:00', 'SUN/TUES/THUR', 'CON', '03:15:00', 315),
('G993', 'DXB', 'LHR', '15:00:00', '23:10:00', 'DAILY', 'DIR', '08:10:00', 893),
('G993', 'LHR', 'DXB', '00:30:00', '08:40:00', 'DAILY', 'DIR', '08:00:00', 893),
('G635', 'DXB', 'JFK', '12:00:00', '01:55:00', 'MON/WED/FRI', 'DIR', '13:00:00', 1788),
('G635', 'JFK', 'DXB', '03:10:00', '19:10:00', 'TUES/THUR/SAT', 'DIR', '13:00:00', 1788),
('G498', 'DXB', 'LHR', '23:00:00', '07:00:00', 'SUN/TUES/THUR', 'CON', '08:10:00', 893),
('G498', 'LHR', 'JFK', '08:15:00', '16:15:00', 'MON/WED/FRI', 'CON', '08:00:00', 900),
('G498', 'JFK', 'LHR', '17:30:00', '01:30:00', 'MON/WED/FRI', 'CON', '08:00:00', 900),
('G498', 'LHR', 'DXB', '02:45:00', '10:55:00', 'TUES/THUR/SAT', 'CON', '08:10:00', 893);

-- --------------------------------------------------------

--
-- Table structure for table `SCHEDULE`
--

CREATE TABLE `SCHEDULE` (
  `FLIGHT_NO` char(4) COLLATE utf8_unicode_ci NOT NULL,
  `ORIGIN` char(3) COLLATE utf8_unicode_ci NOT NULL,
  `DESTINATION` char(3) COLLATE utf8_unicode_ci NOT NULL,
  `DEPATURE_TIME` timestamp NOT NULL,
  `ARRIVAL_TIME` time NOT NULL,
  `DURATION` time NOT NULL,
  `SEAT_ID` int(11) NOT NULL
) ENGINE=InnoDB DEFAULT CHARSET=utf8 COLLATE=utf8_unicode_ci;

--
-- Dumping data for table `SCHEDULE`
--

INSERT INTO `SCHEDULE` (`FLIGHT_NO`, `ORIGIN`, `DESTINATION`, `DEPATURE_TIME`, `ARRIVAL_TIME`, `DURATION`, `SEAT_ID`) VALUES
('G993', 'LHR', 'DXB', '2021-09-12 00:30:00', '08:40:00', '08:00:00', 562319),
('G799', 'DXB', 'BOM', '2021-09-12 12:00:00', '15:15:00', '03:15:00', 20326),
('G219', 'DXB', 'LHR', '2021-01-21 05:00:00', '13:10:00', '08:10:00', 933436),
('G498', 'LHR', 'JFK', '2021-01-21 08:15:00', '16:15:00', '08:00:00', 563804),
('G559', 'BOM', 'DXB', '2021-10-07 22:00:00', '01:15:00', '03:15:00', 335295),
('G725', 'DXB', 'SYD', '2021-10-08 07:00:00', '20:45:00', '13:45:00', 131858),
('G498', 'JFK', 'LHR', '2021-06-23 17:30:00', '01:30:00', '08:00:00', 918653),
('G993', 'LHR', 'DXB', '2021-11-18 00:30:00', '08:40:00', '08:00:00', 808384),
('G635', 'DXB', 'JFK', '2021-11-18 12:00:00', '01:55:00', '13:00:00', 385916),
('G993', 'LHR', 'DXB', '2021-08-13 00:30:00', '08:40:00', '08:00:00', 196744),
('G310', 'DXB', 'SYD', '2021-08-14 08:40:00', '13:45:00', '13:45:00', 992447),
('G559', 'BOM', 'DXB', '2021-10-24 22:00:00', '01:15:00', '03:15:00', 31614),
('G725', 'DXB', 'SYD', '2021-10-25 07:00:00', '20:45:00', '13:45:00', 676225),
('G799', 'SYD', 'BOM', '2020-12-19 05:15:00', '17:15:00', '12:00:00', 269894),
('G615', 'BOM', 'DXB', '2020-12-19 11:30:00', '14:45:00', '03:15:00', 345756),
('G281', 'BOM', 'DXB', '2021-04-15 03:45:00', '07:00:00', '03:15:00', 244723),
('G125', 'DXB', 'JFK', '2021-04-15 02:00:00', '15:00:00', '13:00:00', 631221),
('G310', 'SYD', 'DXB', '2021-10-27 15:00:00', '04:45:00', '13:45:00', 504787),
('G559', 'DXB', 'BOM', '2021-10-28 15:30:00', '18:45:00', '03:15:00', 443439),
('G799', 'SYD', 'BOM', '2021-06-26 05:15:00', '17:15:00', '12:00:00', 560038),
('G799', 'BOM', 'DXB', '2021-06-26 18:30:00', '21:45:00', '03:15:00', 662469),
('G498', 'LHR', 'JFK', '2021-12-27 08:15:00', '16:15:00', '08:00:00', 318494),
('G635', 'JFK', 'DXB', '2021-03-27 03:10:00', '19:10:00', '13:00:00', 276210),
('G559', 'DXB', 'BOM', '2021-03-27 15:30:00', '18:45:00', '03:15:00', 467238),
('G993', 'LHR', 'DXB', '2021-03-22 00:30:00', '08:40:00', '08:00:00', 455135),
('G559', 'DXB', 'BOM', '2021-03-22 15:30:00', '18:45:00', '03:15:00', 542694),
('G799', 'BOM', 'SYD', '2021-02-19 16:30:00', '04:00:00', '12:00:00', 404977),
('G498', 'JFK', 'LHR', '2021-02-08 17:30:00', '01:30:00', '08:00:00', 300665),
('G799', 'SYD', 'BOM', '2021-04-10 05:15:00', '17:15:00', '12:00:00', 682333),
('G993', 'LHR', 'DXB', '2021-11-15 00:30:00', '08:40:00', '08:00:00', 36955),
('G799', 'DXB', 'BOM', '2021-11-15 12:00:00', '15:15:00', '03:15:00', 977651),
('G498', 'JFK', 'LHR', '2021-08-16 17:30:00', '01:30:00', '08:00:00', 916581),
('G498', 'LHR', 'DXB', '2021-08-17 02:45:00', '10:55:00', '08:10:00', 803097),
('G281', 'BOM', 'DXB', '2021-05-20 03:45:00', '07:00:00', '03:15:00', 538393),
('G635', 'DXB', 'JFK', '2021-05-20 12:00:00', '01:55:00', '13:00:00', 580724),
('G725', 'SYD', 'DXB', '2021-09-02 22:00:00', '11:45:00', '13:45:00', 426399),
('G635', 'DXB', 'JFK', '2021-09-03 12:00:00', '01:55:00', '13:00:00', 526310),
('G310', 'SYD', 'DXB', '2021-01-01 15:00:00', '04:45:00', '13:45:00', 372234),
('G756', 'DXB', 'LHR', '2021-01-02 08:00:00', '16:10:00', '08:10:00', 59530),
('G635', 'JFK', 'DXB', '2021-02-13 03:10:00', '19:10:00', '13:00:00', 677897),
('G615', 'DXB', 'BOM', '2021-02-13 07:00:00', '10:15:00', '03:15:00', 159575),
('G559', 'BOM', 'DXB', '2021-06-13 22:00:00', '01:15:00', '03:15:00', 281088),
('G993', 'LHR', 'DXB', '2021-05-01 00:30:00', '08:40:00', '08:00:00', 290666),
('G281', 'DXB', 'BOM', '2021-05-01 20:00:00', '23:15:00', '03:15:00', 678428),
('G219', 'LHR', 'DXB', '2021-01-07 14:25:00', '22:35:00', '08:10:00', 926003),
('G725', 'DXB', 'SYD', '2021-01-08 22:35:00', '20:45:00', '13:45:00', 635924),
('G125', 'JFK', 'DXB', '2021-01-14 16:15:00', '05:15:00', '13:00:00', 310192),
('G725', 'DXB', 'SYD', '2021-01-15 07:00:00', '20:45:00', '13:45:00', 449311),
('G635', 'JFK', 'DXB', '2021-02-09 03:10:00', '19:10:00', '13:00:00', 978913),
('G756', 'DXB', 'LHR', '2021-02-09 08:00:00', '16:10:00', '08:10:00', 518906),
('G756', 'JFK', 'LHR', '2021-11-23 02:40:00', '10:40:00', '08:00:00', 202096),
('G756', 'LHR', 'DXB', '2021-11-23 11:55:00', '20:05:00', '08:10:00', 586555),
('G310', 'SYD', 'DXB', '2020-12-28 15:00:00', '04:45:00', '13:45:00', 252909),
('G615', 'DXB', 'BOM', '2020-12-29 07:00:00', '10:15:00', '03:15:00', 205577),
('G281', 'SYD', 'BOM', '2021-08-12 13:45:00', '01:45:00', '12:00:00', 937186),
('G559', 'BOM', 'DXB', '2021-08-13 22:00:00', '01:15:00', '03:15:00', 765762),
('G281', 'BOM', 'DXB', '2021-04-06 03:45:00', '07:00:00', '03:15:00', 298549),
('G635', 'DXB', 'JFK', '2021-04-06 12:00:00', '01:55:00', '13:00:00', 182760),
('G125', 'JFK', 'DXB', '2021-04-25 16:15:00', '05:15:00', '13:00:00', 461209),
('G281', 'DXB', 'BOM', '2021-04-26 20:00:00', '23:15:00', '03:15:00', 28945),
('G219', 'LHR', 'DXB', '2021-11-21 14:25:00', '22:35:00', '08:10:00', 807281),
('G310', 'DXB', 'SYD', '2021-11-22 22:35:00', '13:45:00', '13:45:00', 338944),
('G559', 'BOM', 'DXB', '2021-09-04 22:00:00', '01:15:00', '03:15:00', 158273),
('G993', 'DXB', 'LHR', '2021-09-05 15:00:00', '23:10:00', '08:10:00', 650757),
('G125', 'JFK', 'DXB', '2021-03-30 16:15:00', '05:15:00', '13:00:00', 693094),
('G559', 'DXB', 'BOM', '2021-03-31 15:30:00', '18:45:00', '03:15:00', 395568),
('G725', 'DXB', 'SYD', '2021-03-04 07:00:00', '20:45:00', '13:45:00', 463219),
('G799', 'SYD', 'BOM', '2021-07-03 05:15:00', '17:15:00', '12:00:00', 670411),
('G498', 'JFK', 'LHR', '2021-04-12 17:30:00', '01:30:00', '08:00:00', 139022),
('G756', 'JFK', 'LHR', '2021-10-28 02:40:00', '10:40:00', '08:00:00', 662119),
('G498', 'LHR', 'DXB', '2021-10-28 02:45:00', '10:55:00', '08:10:00', 523229),
('G799', 'BOM', 'DXB', '2020-12-19 18:30:00', '21:45:00', '03:15:00', 353972),
('G615', 'DXB', 'BOM', '2020-12-31 07:00:00', '10:15:00', '03:15:00', 317648),
('G615', 'DXB', 'BOM', '2020-12-23 07:00:00', '10:15:00', '03:15:00', 367786),
('G799', 'BOM', 'SYD', '2020-12-23 16:30:00', '04:00:00', '12:00:00', 807809),
('G615', 'DXB', 'BOM', '2021-01-10 07:00:00', '10:15:00', '03:15:00', 106801);

-- --------------------------------------------------------

--
-- Table structure for table `STAFFS`
--

CREATE TABLE `STAFFS` (
  `USERNAME` varchar(10) COLLATE utf8_unicode_ci NOT NULL,
  `PASSWORD` varchar(10) COLLATE utf8_unicode_ci NOT NULL,
  `EMAIL_ID` varchar(50) COLLATE utf8_unicode_ci NOT NULL,
  `EMPL_ID` int(11) NOT NULL,
  `EMPL_NAME` varchar(100) COLLATE utf8_unicode_ci NOT NULL
) ENGINE=InnoDB DEFAULT CHARSET=utf8 COLLATE=utf8_unicode_ci;

--
-- Dumping data for table `STAFFS`
--

INSERT INTO `STAFFS` (`USERNAME`, `PASSWORD`, `EMAIL_ID`, `EMPL_ID`, `EMPL_NAME`) VALUES
('NAVEED', '12345', 'imnaveed2003@gmail.com', 3245, 'MOHAMED NAVEED'),
('Ziyaan', '12345', 'mirziyaan@gmail.com', 4356, 'ZIYAAN MIR');

-- --------------------------------------------------------

--
-- Table structure for table `SYD_ARR`
--

CREATE TABLE `SYD_ARR` (
  `FLIGHT_NO` char(4) CHARACTER SET utf8 COLLATE utf8_unicode_ci DEFAULT NULL,
  `ORIGIN` varchar(4) CHARACTER SET utf8 COLLATE utf8_unicode_ci DEFAULT NULL,
  `DESTINATION` varchar(4) CHARACTER SET utf8 COLLATE utf8_unicode_ci DEFAULT NULL,
  `DEPATURE_TIME` time DEFAULT NULL,
  `ARRIVAL_TIME` time DEFAULT NULL,
  `DAY` varchar(20) CHARACTER SET utf8 COLLATE utf8_unicode_ci DEFAULT NULL,
  `TYPE` char(4) CHARACTER SET utf8 COLLATE utf8_unicode_ci DEFAULT NULL,
  `DURATION` time DEFAULT NULL,
  `TARIFF(USD)` int(11) NOT NULL
) ENGINE=InnoDB DEFAULT CHARSET=utf8 COLLATE=utf8_unicode_ci;

--
-- Dumping data for table `SYD_ARR`
--

INSERT INTO `SYD_ARR` (`FLIGHT_NO`, `ORIGIN`, `DESTINATION`, `DEPATURE_TIME`, `ARRIVAL_TIME`, `DAY`, `TYPE`, `DURATION`, `TARIFF(USD)`) VALUES
('G725', 'DXB', 'SYD', '07:00:00', '20:45:00', 'SUN/TUES/THUR', 'DIR', '13:45:00', 1957),
('G799', 'BOM', 'SYD', '16:30:00', '04:00:00', 'MON/WED/FRI', 'CON', '12:00:00', 1957),
('G310', 'DXB', 'SYD', '00:00:00', '13:45:00', 'MON/WED/FRI', 'DIR', '13:45:00', 1957),
('G281', 'BOM', 'SYD', '00:30:00', '12:30:00', 'SUN/TUES/THUR', 'CON', '12:00:00', 248);

-- --------------------------------------------------------

--
-- Table structure for table `SYD_DEP`
--

CREATE TABLE `SYD_DEP` (
  `FLIGHT_NO` char(4) CHARACTER SET utf8 COLLATE utf8_unicode_ci DEFAULT NULL,
  `ORIGIN` varchar(4) CHARACTER SET utf8 COLLATE utf8_unicode_ci DEFAULT NULL,
  `DESTINATION` varchar(4) CHARACTER SET utf8 COLLATE utf8_unicode_ci DEFAULT NULL,
  `DEPATURE_TIME` time DEFAULT NULL,
  `ARRIVAL_TIME` time DEFAULT NULL,
  `DAY` varchar(20) CHARACTER SET utf8 COLLATE utf8_unicode_ci DEFAULT NULL,
  `TYPE` char(4) CHARACTER SET utf8 COLLATE utf8_unicode_ci DEFAULT NULL,
  `DURATION` time DEFAULT NULL,
  `TARIFF(USD)` int(11) NOT NULL
) ENGINE=InnoDB DEFAULT CHARSET=utf8 COLLATE=utf8_unicode_ci;

--
-- Dumping data for table `SYD_DEP`
--

INSERT INTO `SYD_DEP` (`FLIGHT_NO`, `ORIGIN`, `DESTINATION`, `DEPATURE_TIME`, `ARRIVAL_TIME`, `DAY`, `TYPE`, `DURATION`, `TARIFF(USD)`) VALUES
('G725', 'SYD', 'DXB', '22:00:00', '11:45:00', 'SUN/TUES/THUR', 'DIR', '13:45:00', 1957),
('G799', 'SYD', 'BOM', '05:15:00', '17:15:00', 'TUES/THUR/SAT', 'CON', '12:00:00', 1957),
('G310', 'SYD', 'DXB', '15:00:00', '04:45:00', 'MON/WED/FRI', 'DIR', '13:45:00', 1957),
('G281', 'SYD', 'BOM', '13:45:00', '01:45:00', 'SUN/TUES/THUR', 'CON', '12:00:00', 248);

--
-- Indexes for dumped tables
--

--
-- Indexes for table `CUSTOMERS`
--
ALTER TABLE `CUSTOMERS`
  ADD PRIMARY KEY (`CUSTOMER_ID`);

--
-- Indexes for table `STAFFS`
--
ALTER TABLE `STAFFS`
  ADD PRIMARY KEY (`USERNAME`),
  ADD UNIQUE KEY `EMPL_ID` (`EMPL_ID`);
COMMIT;

/*!40101 SET CHARACTER_SET_CLIENT=@OLD_CHARACTER_SET_CLIENT */;
/*!40101 SET CHARACTER_SET_RESULTS=@OLD_CHARACTER_SET_RESULTS */;
/*!40101 SET COLLATION_CONNECTION=@OLD_COLLATION_CONNECTION */;
