,CUSTOMER_ID,CUSTOMER_NAME,CUSTOMER_PHONE,CUSTOMER_EMAIL,CUSTOMER_SEX,CUSTOMER_DOB,CUSTOMER_NATIONALITY,CUSTOMER_PASSPORT_NUMBER,DOJ
0,85,JOEL,+971554059224,imnaveed2003@gmail.com,M,2003-10-16,INDIA,652765C,2019-12-29
1,160,JOEL,+971569700565,batmanthanoshere@gmail.com,M,2003-04-20,INDIA,412315D,2019-10-02
2,224,ANSH,+971554059224,batmanthanoshere@gmail.com,M,2003-10-16,INDIA,981432C,2020-03-27
3,378,ANSH,+971508528596,imnaveed2003@gmail.com,M,2011-03-01,INDIA,888883J,2020-02-28
4,470,ANSH,+971508528596,imnaveed2003@gmail.com,M,2011-03-01,INDIA,261953J,2020-10-04
5,694,NAVEED,+971554059224,mirziyaan@gmail.com,M,2003-04-20,INDIA,233092D,2020-09-04
6,916,NAVISH,+971569700565,batmanthanoshere@gmail.com,M,2003-10-16,INDIA,107241K,2021-08-05
7,950,ZIYAAN,+919566265537,mirziyaan@gmail.com,M,2003-10-16,INDIA,965682K,2019-05-09
8,998,JOEL,+919566265537,imnaveed2003@gmail.com,M,2011-03-01,INDIA,341969K,2019-08-30
9,1013,NAVEED,+971569700565,imnaveed2003@gmail.com,M,2011-03-01,INDIA,357865K,2020-07-07
10,1062,NAVEED,+971558004998,batmanthanoshere@gmail.com,M,2003-05-16,INDIA,982793M,2020-08-01
11,1063,NAVEED,+971554059224,mirziyaan@gmail.com,M,2003-05-16,INDIA,932162N,2019-11-03
12,1391,NAVISH,+971554059224,mirziyaan@gmail.com,M,2003-10-16,INDIA,263037A,2019-02-06
13,1455,NAVISH,+971508528596,batmanthanoshere@gmail.com,M,2003-04-20,INDIA,821140J,2019-12-24
14,1563,FARAZ,+971508528596,batmanthanoshere@gmail.com,M,2003-10-16,INDIA,317319K,2019-12-21
15,1640,ANSH,+971554059224,batmanthanoshere@gmail.com,M,2003-10-16,INDIA,749478N,2020-10-10
16,1658,SOORYA,+919566265537,imnaveed2003@gmail.com,M,2003-10-16,INDIA,384253K,2020-10-09
17,1802,NAVEED,+971554059224,mirziyaan@gmail.com,M,2003-04-20,INDIA,212225F,2020-10-16
18,1810,SOORYA,+971554059224,imnaveed2003@gmail.com,M,2011-03-01,INDIA,249633J,2020-07-18
19,1835,FARAZ,+971554059224,imnaveed2003@gmail.com,M,2011-03-01,INDIA,690579M,2021-07-19
20,2054,NAVISH,+971508528596,mirziyaan@gmail.com,M,2003-10-16,INDIA,570940F,2020-05-05
21,2107,ZIYAAN,+971569700565,mirziyaan@gmail.com,M,2011-03-01,INDIA,723787J,2019-10-14
22,2234,ZIYAAN,+971508528596,imnaveed2003@gmail.com,M,2003-10-16,INDIA,112354N,2019-08-26
23,2299,ZIYAAN,+971508528596,mirziyaan@gmail.com,M,2011-03-01,INDIA,289830E,2019-08-27
24,2312,SOORYA,+971558004998,imnaveed2003@gmail.com,M,2003-10-16,INDIA,626823E,2019-09-27
25,2330,ZIYAAN,+971508528596,mirziyaan@gmail.com,M,2003-10-16,INDIA,182275B,2021-04-25
26,2455,ANSH,+919566265537,imnaveed2003@gmail.com,M,2003-05-16,INDIA,679274M,2021-02-15
27,2639,NAVISH,+919566265537,imnaveed2003@gmail.com,M,2003-04-20,INDIA,654817N,2021-07-26
28,2711,NAVEED,+971554059224,imnaveed2003@gmail.com,M,2003-05-16,INDIA,443313N,2020-05-17
29,2945,JOEL,+971558004998,batmanthanoshere@gmail.com,M,2003-10-16,INDIA,989329K,2020-11-21
30,3010,SOORYA,+971558004998,batmanthanoshere@gmail.com,M,2003-04-20,INDIA,510248L,2020-07-28
31,3097,ANSH,+919566265537,batmanthanoshere@gmail.com,M,2003-10-16,INDIA,595078A,2019-09-09
32,3282,NAVISH,+919566265537,mirziyaan@gmail.com,M,2003-04-20,INDIA,104753C,2019-05-18
33,3291,FARAZ,+971569700565,imnaveed2003@gmail.com,M,2003-05-16,INDIA,440573L,2019-12-19
34,3369,NAVEED,+971569700565,mirziyaan@gmail.com,M,2003-10-16,INDIA,266789K,2021-05-01
35,3419,FARAZ,+919566265537,mirziyaan@gmail.com,M,2003-10-16,INDIA,861746F,2020-07-21
36,3520,ZIYAAN,+971554059224,mirziyaan@gmail.com,M,2003-05-16,INDIA,513920E,2020-08-06
37,3582,ZIYAAN,+971569700565,mirziyaan@gmail.com,M,2003-05-16,INDIA,374361N,2021-03-11
38,3588,AARON,+971508528596,batmanthanoshere@gmail.com,M,2003-05-16,INDIA,530447K,2019-10-20
39,3670,FARAZ,+919566265537,batmanthanoshere@gmail.com,M,2011-03-01,INDIA,106196K,2019-10-19
40,3710,NAVEED,+971508528596,mirziyaan@gmail.com,M,2003-10-16,INDIA,510912N,2020-12-06
41,3847,FARAZ,+919566265537,mirziyaan@gmail.com,M,2003-05-16,INDIA,277648N,2020-12-02
42,3854,NAVISH,+971508528596,batmanthanoshere@gmail.com,M,2003-04-20,INDIA,841863K,2020-02-13
43,3855,NAVISH,+919566265537,batmanthanoshere@gmail.com,M,2003-04-20,INDIA,254283A,2021-01-22
44,3898,JOEL,+919566265537,mirziyaan@gmail.com,M,2003-05-16,INDIA,113875A,2019-10-10
45,4138,NAVISH,+971554059224,batmanthanoshere@gmail.com,M,2011-03-01,INDIA,813380D,2019-08-03
46,4296,NAVEED,+919566265537,imnaveed2003@gmail.com,M,2011-03-01,INDIA,825084K,2021-04-05
47,4397,SOORYA,+971508528596,batmanthanoshere@gmail.com,M,2003-10-16,INDIA,257776A,2020-02-25
48,4478,NAVISH,+971569700565,mirziyaan@gmail.com,M,2003-04-20,INDIA,483123D,2020-06-24
49,4648,JOEL,+971554059224,batmanthanoshere@gmail.com,M,2003-05-16,INDIA,331530J,2019-10-03
50,4797,JOEL,+971554059224,imnaveed2003@gmail.com,M,2003-10-16,INDIA,767396C,2020-03-17
51,4863,JOEL,+971558004998,imnaveed2003@gmail.com,M,2011-03-01,INDIA,778599M,2019-07-25
52,4864,ANSH,+919566265537,imnaveed2003@gmail.com,M,2003-05-16,INDIA,834023L,2019-12-06
53,4921,SOORYA,+971554059224,mirziyaan@gmail.com,M,2003-05-16,INDIA,861506C,2020-12-31
54,5027,NAVEED,+971558004998,mirziyaan@gmail.com,M,2003-05-16,INDIA,972212C,2021-04-08
55,5331,FARAZ,+971569700565,mirziyaan@gmail.com,M,2003-10-16,INDIA,473310K,2020-08-19
56,5400,SOORYA,+971558004998,imnaveed2003@gmail.com,M,2003-05-16,INDIA,373888N,2020-10-27
57,5564,FARAZ,+971569700565,imnaveed2003@gmail.com,M,2003-04-20,INDIA,174274K,2020-04-24
58,5704,ANSH,+919566265537,batmanthanoshere@gmail.com,M,2003-05-16,INDIA,367381N,2020-01-22
59,5739,NAVISH,+971554059224,batmanthanoshere@gmail.com,M,2011-03-01,INDIA,472481E,2020-02-22
60,5752,ANSH,+971508528596,imnaveed2003@gmail.com,M,2011-03-01,INDIA,431026J,2021-04-21
61,5791,NAVEED,+971-560000000,mirziyaan@gmail.com,M,2011-03-01,INDIA,120096F,2020-11-11
62,6052,NAVEED,+971508528596,imnaveed@gmail.com,M,2003-04-20,INDIA,T89765,2020-10-18
63,6352,SOORYA,+971569700565,mirziyaan@gmail.com,M,2003-10-16,INDIA,285148F,2020-06-23
64,6495,FARAZ,+971558004998,imnaveed2003@gmail.com,M,2003-10-16,INDIA,320731N,2021-02-26
65,6689,AARON,+971558004998,mirziyaan@gmail.com,M,2003-05-16,INDIA,363026B,2019-01-28
66,6834,ZIYAAN,+971508528596,mirziyaan@gmail.com,M,2003-05-16,INDIA,604290M,2019-07-19
67,6856,NAVEED,+971558004998,imnaveed003@gmail.com,M,2003-04-20,INDIA,T89765,2020-10-17
68,6868,FARAZ,+971558004998,mirziyaan@gmail.com,M,2003-10-16,INDIA,777509D,2020-05-28
69,7278,NAVISH,+971569700565,mirziyaan@gmail.com,M,2003-04-20,INDIA,315367E,2019-02-18
70,7455,ANSH,+971558004998,batmanthanoshere@gmail.com,M,2011-03-01,INDIA,450998E,2019-11-07
71,7487,SOORYA,+971558004998,mirziyaan@gmail.com,M,2011-03-01,INDIA,105488E,2021-01-19
72,7622,FARAZ,+971558004998,mirziyaan@gmail.com,M,2003-05-16,INDIA,520439L,2020-01-08
73,7680,JOEL,+919566265537,mirziyaan@gmail.com,M,2011-03-01,INDIA,327746J,2020-08-17
74,7708,ZIYAAN MIR,+971-560000000,mirziyaan@gmail.com,M,2003-09-10,INDIA,T12345,2020-10-19
75,7742,SOORYA,+919566265537,imnaveed2003@gmail.com,M,2003-05-16,INDIA,608712L,2019-03-16
76,7756,NAVISH,+971508528596,batmanthanoshere@gmail.com,M,2003-05-16,INDIA,845481N,2020-02-22
77,8166,SOORYA,+919566265537,batmanthanoshere@gmail.com,M,2011-03-01,INDIA,244350M,2020-03-25
78,8184,AARON,+971-561234567,mirziyaan123@gmail.com,M,2003-04-20,INDIA,154222F,2021-07-04
79,8186,SOORYA,+971558004998,imnaveed2003@gmail.com,M,2003-04-20,INDIA,269784J,2020-02-02
80,8257,ANSH,+971554059224,batmanthanoshere@gmail.com,M,2003-04-20,INDIA,671006K,2019-05-24
81,8289,AARON,+971554059224,mirziyaan@gmail.com,M,2011-03-01,INDIA,768969L,2021-05-07
82,8299,NAVEED,+971554059224,mirziyaan@gmail.com,M,2003-04-20,INDIA,384354J,2020-09-16
83,8302,JOEL,+971558004998,imnaveed2003@gmail.com,M,2003-10-16,INDIA,116670M,2020-06-24
84,8323,ZIYAAN,+971554059224,batmanthanoshere@gmail.com,M,2003-05-16,INDIA,918801F,2020-11-15
85,8429,NAVEED,+971-508528596,imnaveed2003@gmail.com,M,2003-04-20,INDIA,T89765,2020-10-18
86,8435,AARON,+971558004998,batmanthanoshere@gmail.com,M,2011-03-01,INDIA,431582J,2019-11-13
87,8568,ANSH,+971558004998,mirziyaan@gmail.com,M,2011-03-01,INDIA,176528B,2020-07-25
88,8602,JOEL,+971558004998,mirziyaan@gmail.com,M,2003-10-16,INDIA,314454M,2020-11-23
89,9155,ZIYAAN,+971558004998,mirziyaan@gmail.com,M,2003-04-20,INDIA,718733L,2019-09-08
90,9193,SOORYA,+971554059224,mirziyaan@gmail.com,M,2011-03-01,INDIA,345550F,2019-05-07
91,9314,FARAZ,+971554059224,mirziyaan@gmail.com,M,2011-03-01,INDIA,882179N,2019-10-28
92,9368,JOEL,+971569700565,batmanthanoshere@gmail.com,M,2003-05-16,INDIA,164694E,2020-09-01
93,9473,ANSH,+919566265537,mirziyaan@gmail.com,M,2003-10-16,INDIA,236922K,2020-06-07
94,9572,NAVEED,+971558004998,imnaveed2003@gmail.com,M,2003-05-16,INDIA,700046B,2020-04-14
95,9588,NAVEED,+971569700565,batmanthanoshere@gmail.com,M,2011-03-01,INDIA,354958B,2020-11-06
96,9642,NAVISH,+971508528596,batmanthanoshere@gmail.com,M,2003-04-20,INDIA,356820F,2019-12-07
97,9717,SOORYA,+971569700565,imnaveed2003@gmail.com,M,2011-03-01,INDIA,424927F,2021-03-10
98,9856,JOEL,+971569700565,batmanthanoshere@gmail.com,M,2003-04-20,INDIA,666454J,2021-05-10
