,CUSTOMER_ID,P_NUMBER,P_NAME,P_EXPIRY
0,8184,154222F,AARON,2022-11-01
1,4648,331530J,JOEL,2022-01-01
2,8568,176528B,ANSH,2022-10-01
3,2711,443313N,NAVEED,2022-03-01
4,4921,861506C,SOORYA,2022-03-01
5,1455,821140J,NAVISH,2022-02-01
6,7756,845481N,NAVISH,2022-02-01
7,160,412315D,JOEL,2022-02-01
8,7680,327746J,JOEL,2022-09-01
9,8602,314454M,JOEL,2022-03-01
10,950,965682K,ZIYAAN,2022-11-01
11,5400,373888N,SOORYA,2022-01-01
12,916,107241K,NAVISH,2022-03-01
13,9572,700046B,NAVEED,2022-02-01
14,8302,116670M,JOEL,2022-08-01
15,4863,778599M,JOEL,2022-03-01
16,3898,113875A,JOEL,2022-12-01
17,5564,174274K,FARAZ,2022-04-01
18,1013,357865K,NAVEED,2022-07-01
19,1640,749478N,ANSH,2022-07-01
20,3710,510912N,NAVEED,2022-10-01
21,1835,690579M,FARAZ,2022-01-01
22,6495,320731N,FARAZ,2022-09-01
23,3369,266789K,NAVEED,2022-07-01
24,2455,679274M,ANSH,2022-03-01
25,224,981432C,ANSH,2022-01-01
26,2299,289830E,ZIYAAN,2022-12-01
27,4397,257776A,SOORYA,2022-02-01
28,2312,626823E,SOORYA,2022-06-01
29,8166,244350M,SOORYA,2022-07-01
30,7742,608712L,SOORYA,2022-09-01
31,3670,106196K,FARAZ,2022-06-01
32,9368,164694E,JOEL,2022-07-01
33,9642,356820F,NAVISH,2022-07-01
34,3582,374361N,ZIYAAN,2022-01-01
35,8257,671006K,ANSH,2022-12-01
36,9717,424927F,SOORYA,2022-06-01
37,4478,483123D,NAVISH,2022-11-01
38,5027,972212C,NAVEED,2022-05-01
39,7455,450998E,ANSH,2022-11-01
40,9856,666454J,JOEL,2022-02-01
41,2330,182275B,ZIYAAN,2022-05-01
42,4797,767396C,JOEL,2022-12-01
43,6352,285148F,SOORYA,2022-01-01
44,4864,834023L,ANSH,2022-07-01
45,4138,813380D,NAVISH,2022-01-01
46,8299,384354J,NAVEED,2022-09-01
47,1810,249633J,SOORYA,2022-03-01
48,1063,932162N,NAVEED,2022-12-01
49,3097,595078A,ANSH,2022-05-01
50,5752,431026J,ANSH,2022-01-01
51,9473,236922K,ANSH,2022-05-01
52,8186,269784J,SOORYA,2022-05-01
53,9193,345550F,SOORYA,2022-05-01
54,998,341969K,JOEL,2022-10-01
55,470,261953J,ANSH,2022-11-01
56,2054,570940F,NAVISH,2022-06-01
57,3419,861746F,FARAZ,2022-06-01
58,3010,510248L,SOORYA,2022-11-01
59,1563,317319K,FARAZ,2022-04-01
60,6689,363026B,AARON,2022-09-01
61,2234,112354N,ZIYAAN,2022-08-01
62,5791,120096F,NAVEED,2022-01-01
63,2639,654817N,NAVISH,2022-07-01
64,1391,263037A,NAVISH,2022-07-01
65,3520,513920E,ZIYAAN,2022-06-01
66,1062,982793M,NAVEED,2022-03-01
67,5739,472481E,NAVISH,2022-10-01
68,378,888883J,ANSH,2022-12-01
69,3291,440573L,FARAZ,2022-08-01
70,7622,520439L,FARAZ,2022-02-01
71,8323,918801F,ZIYAAN,2022-05-01
72,3854,841863K,NAVISH,2022-02-01
73,8435,431582J,AARON,2022-09-01
74,9155,718733L,ZIYAAN,2022-04-01
75,5331,473310K,FARAZ,2022-06-01
76,7278,315367E,NAVISH,2022-10-01
77,9588,354958B,NAVEED,2022-05-01
78,2107,723787J,ZIYAAN,2022-09-01
79,4296,825084K,NAVEED,2022-07-01
80,8289,768969L,AARON,2022-11-01
81,7487,105488E,SOORYA,2022-04-01
82,3282,104753C,NAVISH,2022-06-01
83,5704,367381N,ANSH,2022-11-01
84,3588,530447K,AARON,2022-12-01
85,1658,384253K,SOORYA,2022-06-01
86,6868,777509D,FARAZ,2022-03-01
87,2945,989329K,JOEL,2022-06-01
88,9314,882179N,FARAZ,2022-05-01
89,694,233092D,NAVEED,2022-09-01
90,1802,212225F,NAVEED,2022-08-01
91,6834,604290M,ZIYAAN,2022-06-01
92,85,652765C,JOEL,2022-06-01
93,3855,254283A,NAVISH,2022-08-01
94,3847,277648N,FARAZ,2022-09-01
95,6856,T89765,MOHAMED NAVEED,2021-01-13
96,7708,T12345,ZIYAAN MIR,2021-11-11
